Time (s),CPU %,Memory MB,GPU %
1,25.6,839,0.0
2,26.0,840,0.0
3,25.7,841,0.0
4,26.5,842,0.0
5,26.1,842,0.0
6,25.9,843,0.0
7,26.0,843,0.0
8,25.9,843,0.0
9,25.8,844,0.0
10,25.8,844,0.0
11,26.0,845,0.0
12,26.6,845,0.0
13,25.9,846,0.0
14,25.9,846,0.0
15,25.9,846,0.0
16,26.0,847,0.0
17,26.1,847,0.0
18,26.1,847,0.0
19,26.6,847,0.0
20,25.9,848,0.0
21,25.9,848,0.0
22,26.2,848,0.0
23,26.3,848,0.0
24,26.7,849,0.0
25,27.0,849,0.0
26,28.0,849,0.0
27,27.1,849,0.0
28,26.5,849,0.0
29,27.1,850,0.0
30,26.8,850,0.0
31,27.0,850,0.0
32,27.3,850,0.0
33,27.6,860,0.0
34,28.2,860,0.0
35,27.8,861,0.0
36,28.0,861,0.0
37,27.8,861,0.0
38,28.0,861,0.0
39,27.9,861,0.0
40,27.9,861,0.0
41,28.5,862,0.0
42,27.9,862,0.0
43,27.7,862,0.0
44,27.9,862,0.0
45,27.9,862,0.0
46,27.9,862,0.0
47,28.1,862,0.0
48,27.9,862,0.0
49,28.5,863,0.0
50,27.9,863,0.0
51,27.9,863,0.0
52,27.8,863,0.0
53,27.9,863,0.0
54,27.7,863,0.0
55,28.0,863,0.0
56,28.5,863,0.0
57,27.9,863,0.0
58,28.1,863,0.0
59,28.2,863,0.0
60,28.8,863,0.0
61,28.3,863,0.0
62,27.9,863,0.0
63,28.3,863,0.0
64,28.0,863,0.0
65,27.9,864,0.0
66,27.8,864,0.0
67,27.8,864,0.0
68,27.9,864,0.0
69,27.8,864,0.0
70,28.0,864,0.0
71,28.6,864,0.0
72,27.7,864,0.0
73,27.8,864,0.0
74,27.7,864,0.0
75,28.0,864,0.0
76,27.7,864,0.0
77,27.9,864,0.0
78,28.7,864,0.0
79,27.8,864,0.0
80,27.9,864,0.0
81,27.9,864,0.0
82,27.9,864,0.0
83,28.0,864,0.0
84,27.8,864,0.0
85,28.4,864,0.0
86,28.1,865,0.0
87,27.8,865,0.0
88,27.9,865,0.0
89,27.9,865,0.0
90,27.9,865,0.0
91,27.7,865,0.0
92,28.1,865,0.0
93,28.4,865,0.0
94,27.8,865,0.0
95,28.0,865,0.0
96,27.8,865,0.0
97,28.0,865,0.0
98,28.1,865,0.0
99,27.9,865,0.0
100,29.0,865,0.0
101,27.9,865,0.0
102,27.8,865,0.0
103,28.0,865,0.0
104,27.9,865,0.0
105,27.9,865,0.0
106,27.8,865,0.0
107,28.8,865,0.0
108,28.8,865,0.0
109,28.7,865,0.0
110,28.4,865,0.0
111,28.6,865,0.0
112,28.4,865,0.0
113,28.6,865,0.0
114,28.4,865,0.0
115,29.3,866,0.0
116,28.6,866,0.0
117,28.5,866,0.0
118,28.5,866,0.0
119,28.5,866,0.0
120,28.5,866,0.0
121,28.5,866,0.0
122,29.3,866,0.0
123,28.3,866,0.0
124,28.5,866,0.0
125,28.7,866,0.0
126,28.7,866,0.0
127,28.5,866,0.0
128,28.5,866,0.0
129,29.2,866,0.0
130,28.9,866,0.0
131,28.5,866,0.0
132,28.4,866,0.0
133,28.5,866,0.0
134,28.5,866,0.0
135,28.7,866,0.0
136,28.4,866,0.0
137,28.9,866,0.0
138,28.4,866,0.0
139,28.5,866,0.0
140,28.6,866,0.0
141,28.8,866,0.0
142,28.6,866,0.0
143,28.6,866,0.0
144,29.2,866,0.0
145,28.7,866,0.0
146,28.5,866,0.0
147,28.6,866,0.0
148,28.4,866,0.0
149,28.8,866,0.0
150,28.6,866,0.0
151,29.4,866,0.0
152,28.7,866,0.0
153,28.6,866,0.0
154,28.4,866,0.0
155,28.4,866,0.0
156,28.4,866,0.0
157,28.4,866,0.0
158,28.6,866,0.0
159,29.0,866,0.0
160,28.3,866,0.0
161,27.8,866,0.0
162,27.9,866,0.0
163,28.0,866,0.0
164,27.8,866,0.0
165,27.9,866,0.0
166,28.5,866,0.0
167,27.9,866,0.0
168,28.0,866,0.0
169,27.6,866,0.0
170,27.9,866,0.0
171,28.0,866,0.0
172,28.1,866,0.0
173,29.1,866,0.0
174,28.4,866,0.0
175,28.4,866,0.0
176,28.3,866,0.0
177,28.5,866,0.0
178,28.5,866,0.0
179,28.4,866,0.0
180,28.7,866,0.0
181,29.3,866,0.0
182,28.4,866,0.0
183,28.5,866,0.0
184,28.5,866,0.0
185,28.7,866,0.0
186,28.6,866,0.0
187,28.8,866,0.0
188,29.3,866,0.0
189,28.6,866,0.0
190,28.7,866,0.0
191,28.6,866,0.0
192,28.5,866,0.0
193,28.5,866,0.0
194,28.6,866,0.0
195,29.3,866,0.0
196,28.4,866,0.0
197,28.5,866,0.0
198,28.4,866,0.0
199,28.5,866,0.0
200,28.5,866,0.0
201,28.4,866,0.0
202,29.0,866,0.0
203,28.6,866,0.0
204,28.1,866,0.0
205,28.3,866,0.0
206,28.5,866,0.0
207,29.0,866,0.0
208,28.5,866,0.0
209,28.5,866,0.0
210,29.2,866,0.0
211,28.4,866,0.0
212,28.5,866,0.0
213,28.4,866,0.0
214,28.6,866,0.0
215,28.7,866,0.0
216,28.8,866,0.0
217,29.1,866,0.0
218,28.6,866,0.0
219,28.3,866,0.0
220,28.6,866,0.0
221,28.5,866,0.0
222,28.6,866,0.0
223,28.0,866,0.0
224,28.0,866,0.0
225,27.6,866,0.0
226,27.5,866,0.0
227,27.3,866,0.0
228,27.7,866,0.0
229,27.4,892,0.0
230,27.4,892,0.0
231,27.7,892,0.0
232,28.1,892,0.0
233,27.4,892,0.0
234,27.5,892,0.0
235,27.4,892,0.0
236,27.2,892,0.0
237,26.9,892,0.0
238,27.0,892,0.0
239,27.5,892,0.0
240,26.7,892,0.0
241,26.7,892,0.0
242,26.9,892,0.0
243,27.2,892,0.0
244,27.1,892,0.0
245,27.2,892,0.0
246,27.8,892,0.0
247,27.4,892,0.0
248,27.4,892,0.0
249,27.4,892,0.0
250,27.7,892,0.0
251,27.7,892,0.0
252,27.8,892,0.0
253,27.5,892,0.0
254,28.3,892,0.0
255,27.6,892,0.0
256,27.4,892,0.0
257,27.4,892,0.0
258,27.4,892,0.0
259,27.4,892,0.0
260,27.5,892,0.0
261,27.8,892,0.0
262,27.3,892,0.0
263,27.0,892,0.0
264,27.3,892,0.0
265,27.5,892,0.0
266,27.5,892,0.0
267,27.4,892,0.0
268,27.9,892,0.0
269,27.7,892,0.0
270,27.3,893,0.0
271,27.4,893,0.0
272,27.4,893,0.0
273,27.3,893,0.0
274,27.5,893,0.0
275,27.5,893,0.0
276,28.1,893,0.0
277,27.5,893,0.0
278,27.5,893,0.0
279,27.4,893,0.0
280,27.4,893,0.0
281,27.5,893,0.0
282,27.6,893,0.0
283,28.2,893,0.0
284,27.4,893,0.0
285,27.5,893,0.0
286,27.3,893,0.0
287,27.6,893,0.0
288,27.5,893,0.0
289,27.6,893,0.0
290,27.6,893,0.0
291,28.0,893,0.0
292,27.2,893,0.0
293,27.4,893,0.0
294,27.4,893,0.0
295,27.3,893,0.0
296,27.3,893,0.0
297,28.0,893,0.0
298,28.1,893,0.0
299,27.2,893,0.0
300,27.2,893,0.0
301,27.4,893,0.0
302,27.6,893,0.0
303,27.5,893,0.0
304,27.4,893,0.0
305,28.1,893,0.0
306,27.5,893,0.0
307,27.3,893,0.0
308,27.4,893,0.0
309,27.3,893,0.0
310,27.3,893,0.0
311,27.3,893,0.0
312,27.4,893,0.0
313,27.9,893,0.0
314,27.1,893,0.0
315,27.1,893,0.0
316,27.1,893,0.0
317,27.9,893,0.0
318,28.3,893,0.0
319,28.5,893,0.0
320,29.3,893,0.0
321,28.4,893,0.0
322,28.5,893,0.0
323,28.4,893,0.0
324,28.2,893,0.0
325,28.4,893,0.0
326,28.3,893,0.0
327,29.2,893,0.0
328,28.5,893,0.0
329,28.3,893,0.0
330,28.3,893,0.0
331,28.3,893,0.0
332,28.4,893,0.0
333,28.4,893,0.0
334,28.3,893,0.0
335,29.0,893,0.0
336,28.3,893,0.0
337,28.4,893,0.0
338,28.3,893,0.0
339,28.6,893,0.0
340,28.5,893,0.0
341,28.6,893,0.0
342,29.5,893,0.0
343,28.4,893,0.0
344,28.5,893,0.0
345,28.6,893,0.0
346,28.6,893,0.0
347,28.7,893,0.0
348,28.6,893,0.0
349,29.4,893,0.0
350,28.7,893,0.0
351,28.3,893,0.0
352,28.5,893,0.0
353,28.4,893,0.0
354,28.4,893,0.0
355,28.4,893,0.0
356,28.5,893,0.0
357,29.0,893,0.0
358,28.3,893,0.0
359,28.4,893,0.0
360,28.3,893,0.0
361,28.5,893,0.0
362,28.4,893,0.0
363,28.4,893,0.0
364,28.9,893,0.0
365,28.2,893,0.0
366,27.4,893,0.0
367,27.3,893,0.0
368,27.4,893,0.0
369,27.3,893,0.0
370,27.2,893,0.0
371,28.1,893,0.0
372,28.4,893,0.0
373,28.2,893,0.0
374,28.1,893,0.0
375,28.3,893,0.0
376,27.9,893,0.0
377,26.8,893,0.0
378,27.5,893,0.0
379,28.6,893,0.0
380,27.9,893,0.0
381,28.0,893,0.0
382,27.9,893,0.0
383,28.1,893,0.0
384,27.9,893,0.0
385,27.8,893,0.0
386,28.6,893,0.0
387,28.5,893,0.0
388,27.9,893,0.0
389,27.9,893,0.0
390,28.0,893,0.0
391,27.8,893,0.0
392,28.1,893,0.0
393,28.3,893,0.0
394,27.9,893,0.0
395,27.9,893,0.0
396,28.0,893,0.0
397,28.0,893,0.0
398,27.7,893,0.0
399,28.0,893,0.0
400,27.8,893,0.0
401,28.3,893,0.0
402,27.8,893,0.0
403,28.0,893,0.0
404,27.9,893,0.0
405,27.9,893,0.0
406,28.0,893,0.0
407,27.8,893,0.0
408,28.6,893,0.0
409,27.8,893,0.0
410,27.9,893,0.0
411,27.9,893,0.0
412,27.9,893,0.0
413,27.8,893,0.0
414,27.9,893,0.0
415,28.3,893,0.0
416,27.7,893,0.0
417,27.7,893,0.0
418,27.8,893,0.0
419,27.8,893,0.0
420,27.8,893,0.0
421,27.7,893,0.0
422,27.9,893,0.0
423,28.2,893,0.0
424,27.7,893,0.0
425,27.6,893,0.0
426,27.8,893,0.0
427,27.8,893,0.0
428,27.9,893,0.0
429,27.6,893,0.0
430,28.4,893,0.0
431,27.8,893,0.0
432,28.2,893,0.0
433,27.8,893,0.0
434,27.9,893,0.0
435,27.8,893,0.0
436,28.0,893,0.0
437,28.3,893,0.0
438,27.8,893,0.0
439,27.8,893,0.0
440,27.6,893,0.0
441,27.9,893,0.0
442,27.8,893,0.0
443,27.8,893,0.0
444,28.2,893,0.0
445,28.0,893,0.0
446,27.7,893,0.0
447,27.8,893,0.0
448,28.0,893,0.0
449,27.7,893,0.0
450,27.8,893,0.0
451,27.9,893,0.0
452,28.7,893,0.0
453,27.7,893,0.0
454,27.7,893,0.0
455,27.8,893,0.0
456,28.0,919,0.0
457,27.9,919,0.0
458,27.9,919,0.0
459,28.6,919,0.0
460,27.7,919,0.0
461,27.6,919,0.0
462,27.8,919,0.0
463,28.0,919,0.0
464,27.8,919,0.0
465,27.8,919,0.0
466,28.5,919,0.0
467,27.7,919,0.0
468,27.8,919,0.0
469,27.8,919,0.0
470,27.8,919,0.0
471,27.7,919,0.0
472,27.8,919,0.0
473,27.7,919,0.0
474,28.6,919,0.0
475,27.8,919,0.0
476,27.7,919,0.0
477,27.7,919,0.0
478,27.9,919,0.0
479,27.8,919,0.0
480,28.0,919,0.0
481,28.3,919,0.0
482,27.7,919,0.0
483,28.0,919,0.0
484,27.5,919,0.0
485,27.7,919,0.0
486,27.9,919,0.0
487,27.7,919,0.0
488,28.4,919,0.0
489,27.7,919,0.0
490,27.7,919,0.0
491,27.8,919,0.0
492,28.2,919,0.0
493,28.5,919,0.0
494,28.4,919,0.0
495,28.3,919,0.0
496,29.0,919,0.0
497,28.4,919,0.0
498,28.4,919,0.0
499,28.5,919,0.0
500,28.3,919,0.0
501,28.5,919,0.0
502,28.4,919,0.0
503,29.2,919,0.0
504,28.3,919,0.0
505,28.5,919,0.0
506,28.4,919,0.0
507,28.8,919,0.0
508,28.5,919,0.0
509,28.5,919,0.0
510,29.0,919,0.0
511,28.5,919,0.0
512,28.4,919,0.0
513,28.4,919,0.0
514,28.5,919,0.0
515,28.6,919,0.0
516,28.4,919,0.0
517,28.5,919,0.0
518,29.1,919,0.0
519,28.3,919,0.0
520,28.4,919,0.0
521,28.5,919,0.0
522,28.8,919,0.0
523,28.5,919,0.0
524,28.6,919,0.0
525,29.0,919,0.0
526,28.3,919,0.0
527,28.4,919,0.0
528,28.5,919,0.0
529,28.6,919,0.0
530,28.3,919,0.0
531,28.6,919,0.0
532,29.6,919,0.0
533,28.6,919,0.0
534,28.5,919,0.0
535,28.5,919,0.0
536,28.5,919,0.0
537,28.3,919,0.0
538,28.3,919,0.0
539,28.8,919,0.0
540,29.4,919,0.0
541,28.4,919,0.0
542,28.3,919,0.0
543,28.7,919,0.0
544,28.5,919,0.0
545,28.5,919,0.0
546,28.5,919,0.0
547,28.2,919,0.0
548,27.7,919,0.0
549,27.8,919,0.0
550,27.7,919,0.0
551,27.9,919,0.0
552,27.7,919,0.0
553,27.8,919,0.0
554,28.4,919,0.0
555,27.9,919,0.0
556,28.2,919,0.0
557,28.1,919,0.0
558,28.3,919,0.0
559,28.2,919,0.0
560,28.0,919,0.0
561,28.3,919,0.0
562,29.4,919,0.0
563,28.5,919,0.0
564,28.5,919,0.0
565,28.6,919,0.0
566,28.4,919,0.0
567,28.8,919,0.0
568,27.7,919,0.0
569,28.3,919,0.0
570,27.5,919,0.0
571,27.1,919,0.0
572,27.4,919,0.0
573,27.5,919,0.0
574,27.4,919,0.0
575,27.6,919,0.0
576,28.1,919,0.0
577,27.3,919,0.0
578,27.4,919,0.0
579,27.1,919,0.0
580,27.6,919,0.0
581,27.4,919,0.0
582,27.3,919,0.0
583,27.9,919,0.0
584,27.3,919,0.0
585,27.5,919,0.0
586,27.4,919,0.0
587,27.4,919,0.0
588,27.5,919,0.0
589,27.4,919,0.0
590,27.6,919,0.0
591,28.0,919,0.0
592,27.3,919,0.0
593,27.4,919,0.0
594,27.4,919,0.0
595,27.4,919,0.0
596,27.3,919,0.0
597,27.6,919,0.0
598,28.4,919,0.0
599,27.4,919,0.0
600,27.4,919,0.0
601,27.5,919,0.0
602,27.3,919,0.0
603,27.5,919,0.0
604,27.3,919,0.0
605,28.1,919,0.0
606,27.5,919,0.0
607,27.4,919,0.0
608,27.3,919,0.0
609,27.5,919,0.0
610,27.3,919,0.0
611,27.4,919,0.0
612,27.9,919,0.0
613,28.0,919,0.0
614,27.5,919,0.0
615,27.3,919,0.0
616,27.3,919,0.0
617,27.6,919,0.0
618,27.4,919,0.0
619,27.2,919,0.0
620,27.5,919,0.0
621,26.9,919,0.0
622,26.9,919,0.0
623,26.9,919,0.0
624,26.9,919,0.0
625,27.0,919,0.0
626,27.0,919,0.0
627,27.5,919,0.0
628,27.1,919,0.0
629,27.0,919,0.0
630,26.9,919,0.0
631,27.3,919,0.0
632,27.0,919,0.0
633,28.2,919,0.0
634,28.4,919,0.0
635,29.0,919,0.0
636,28.4,919,0.0
637,28.3,919,0.0
638,28.5,919,0.0
639,28.5,919,0.0
640,28.2,919,0.0
641,28.4,919,0.0
642,28.9,919,0.0
643,28.5,919,0.0
644,28.4,919,0.0
645,28.3,919,0.0
646,28.5,919,0.0
647,28.4,919,0.0
648,28.3,919,0.0
649,29.1,919,0.0
650,28.5,919,0.0
651,28.3,919,0.0
652,28.5,919,0.0
653,28.6,919,0.0
654,28.6,919,0.0
655,28.5,919,0.0
656,28.6,919,0.0
657,29.4,919,0.0
658,28.5,919,0.0
659,28.5,919,0.0
660,28.5,919,0.0
661,28.3,919,0.0
662,28.3,919,0.0
663,28.6,919,0.0
664,29.3,919,0.0
665,28.5,919,0.0
666,28.4,919,0.0
667,28.4,919,0.0
668,28.5,919,0.0
669,28.4,919,0.0
670,28.2,919,0.0
671,29.1,919,0.0
672,28.7,919,0.0
673,28.5,919,0.0
674,28.5,919,0.0
675,28.7,919,0.0
676,28.6,919,0.0
677,28.5,919,0.0
678,28.6,919,0.0
679,29.2,919,0.0
680,28.6,919,0.0
681,28.4,919,0.0
682,28.3,919,0.0
683,28.5,843,0.0
684,28.6,945,0.0
685,28.6,945,0.0
686,29.1,945,0.0
687,28.4,945,0.0
688,28.3,945,0.0
689,28.5,945,0.0
690,28.5,945,0.0
691,28.4,945,0.0
692,28.5,945,0.0
693,29.1,945,0.0
694,28.3,945,0.0
695,28.5,945,0.0
696,28.4,945,0.0
697,28.8,945,0.0
698,28.7,945,0.0
699,28.5,945,0.0
700,28.8,945,0.0
701,28.9,945,0.0
702,28.8,945,0.0
703,28.3,945,0.0
704,28.3,945,0.0
705,28.5,945,0.0
706,28.5,945,0.0
707,28.5,945,0.0
708,29.1,945,0.0
709,28.2,945,0.0
710,28.5,945,0.0
711,28.5,945,0.0
712,28.5,945,0.0
713,28.6,945,0.0
714,28.7,945,0.0
715,29.3,945,0.0
716,28.5,945,0.0
717,28.5,945,0.0
718,28.4,945,0.0
719,28.6,945,0.0
720,28.5,945,0.0
721,28.4,945,0.0
722,28.6,945,0.0
723,29.3,945,0.0
724,28.4,945,0.0
725,28.5,945,0.0
726,28.4,945,0.0
727,28.4,945,0.0
728,28.5,945,0.0
729,28.4,945,0.0
730,29.0,945,0.0
731,28.6,945,0.0
732,28.5,945,0.0
733,28.5,945,0.0
734,28.5,945,0.0
735,28.5,945,0.0
736,28.6,945,0.0
737,29.2,945,0.0
738,28.5,945,0.0
739,28.3,945,0.0
740,28.4,945,0.0
741,28.4,945,0.0
742,28.5,945,0.0
743,28.6,945,0.0
744,28.9,945,0.0
745,28.5,945,0.0
746,28.5,945,0.0
747,28.7,945,0.0
748,28.6,945,0.0
749,28.5,945,0.0
750,28.4,945,0.0
751,28.6,945,0.0
752,28.9,945,0.0
753,28.3,945,0.0
754,28.3,945,0.0
755,28.2,945,0.0
756,28.2,945,0.0
757,27.8,945,0.0
758,27.9,945,0.0
759,28.6,945,0.0
760,27.8,945,0.0
761,27.8,945,0.0
762,27.8,945,0.0
763,27.8,945,0.0
764,27.9,945,0.0
765,27.8,945,0.0
766,28.5,945,0.0
767,27.9,945,0.0
768,27.7,945,0.0
769,27.7,945,0.0
770,27.8,945,0.0
771,27.9,945,0.0
772,27.7,945,0.0
773,27.9,945,0.0
774,28.3,945,0.0
775,27.8,945,0.0
776,27.8,945,0.0
777,27.8,945,0.0
778,27.9,945,0.0
779,27.8,945,0.0
780,27.9,945,0.0
781,28.4,945,0.0
782,27.9,945,0.0
783,27.9,945,0.0
784,27.8,945,0.0
785,27.8,945,0.0
786,27.8,945,0.0
787,27.8,945,0.0
788,28.3,945,0.0
789,28.0,945,0.0
790,27.7,945,0.0
791,28.1,945,0.0
792,28.0,945,0.0
793,27.8,945,0.0
794,27.8,945,0.0
795,27.8,945,0.0
796,28.2,945,0.0
797,26.7,945,0.0
798,27.4,945,0.0
799,27.6,945,0.0
800,27.9,945,0.0
801,27.7,945,0.0
802,27.5,945,0.0
803,28.2,945,0.0
804,27.8,945,0.0
805,27.8,945,0.0
806,27.8,945,0.0
807,27.9,945,0.0
808,28.0,945,0.0
809,27.9,945,0.0
810,28.3,945,0.0
811,27.6,945,0.0
812,27.7,945,0.0
813,27.8,945,0.0
814,27.9,945,0.0
815,27.8,945,0.0
816,27.8,945,0.0
817,28.2,945,0.0
818,27.8,945,0.0
819,27.8,945,0.0
820,27.6,945,0.0
821,27.9,945,0.0
822,27.6,945,0.0
823,27.8,945,0.0
824,27.8,945,0.0
825,28.4,945,0.0
826,27.8,945,0.0
827,27.7,945,0.0
828,27.8,945,0.0
829,27.9,945,0.0
830,27.8,945,0.0
831,27.8,945,0.0
832,28.5,945,0.0
833,27.6,945,0.0
834,27.8,945,0.0
835,27.9,945,0.0
836,27.9,945,0.0
837,27.8,945,0.0
838,27.9,945,0.0
839,28.4,945,0.0
840,28.0,945,0.0
841,27.8,945,0.0
842,27.7,945,0.0
843,27.9,945,0.0
844,27.8,945,0.0
845,27.6,945,0.0
846,27.9,945,0.0
847,28.3,945,0.0
848,27.8,945,0.0
849,27.7,945,0.0
850,27.7,945,0.0
851,27.9,945,0.0
852,27.8,945,0.0
853,28.2,945,0.0
854,28.6,945,0.0
855,27.8,945,0.0
856,27.8,945,0.0
857,27.7,945,0.0
858,27.9,945,0.0
859,27.6,945,0.0
860,27.8,945,0.0
861,28.5,945,0.0
862,27.7,945,0.0
863,27.8,945,0.0
864,27.9,945,0.0
865,27.9,945,0.0
866,28.0,945,0.0
867,27.8,945,0.0
868,28.0,945,0.0
869,28.3,945,0.0
870,27.8,945,0.0
871,27.8,945,0.0
872,27.9,945,0.0
873,27.8,945,0.0
874,28.1,945,0.0
875,27.9,945,0.0
876,28.4,945,0.0
877,28.4,945,0.0
878,28.5,945,0.0
879,28.5,945,0.0
880,28.6,945,0.0
881,28.6,945,0.0
882,28.7,945,0.0
883,29.1,945,0.0
884,28.5,945,0.0
885,28.2,945,0.0
886,28.3,945,0.0
887,28.6,945,0.0
888,28.5,945,0.0
889,28.5,945,0.0
890,29.4,945,0.0
891,28.6,945,0.0
892,28.5,945,0.0
893,28.5,945,0.0
894,28.7,945,0.0
895,28.7,945,0.0
896,28.6,945,0.0
897,28.5,945,0.0
898,29.2,945,0.0
899,28.3,945,0.0
900,28.6,945,0.0
901,28.3,945,0.0
902,28.4,945,0.0
903,28.5,945,0.0
904,28.4,945,0.0
905,29.1,945,0.0
906,28.5,945,0.0
907,28.5,945,0.0
908,28.4,945,0.0
909,28.3,945,0.0
910,28.6,945,0.0
911,28.3,974,0.0
912,29.0,974,0.0
913,28.5,974,0.0
914,28.5,974,0.0
915,28.4,974,0.0
916,28.5,974,0.0
917,28.4,974,0.0
918,28.4,974,0.0
919,28.5,974,0.0
920,29.1,974,0.0
921,28.5,974,0.0
922,28.3,974,0.0
923,28.4,974,0.0
924,28.5,974,0.0
925,28.6,974,0.0
926,28.5,974,0.0
927,29.2,974,0.0
928,28.3,974,0.0
929,28.3,974,0.0
930,27.7,974,0.0
931,27.8,974,0.0
932,27.7,974,0.0
933,28.0,974,0.0
934,28.4,974,0.0
935,27.6,974,0.0
936,27.9,974,0.0
937,27.7,974,0.0
938,28.0,974,0.0
939,28.7,974,0.0
940,28.8,974,0.0
941,28.7,974,0.0
942,28.1,974,0.0
943,28.3,974,0.0
944,28.0,974,0.0
945,28.4,974,0.0
946,28.5,974,0.0
947,28.3,974,0.0
948,28.5,974,0.0
949,28.9,974,0.0
950,28.4,974,0.0
951,28.3,974,0.0
952,28.4,974,0.0
953,28.5,974,0.0
954,28.5,974,0.0
955,28.5,974,0.0
956,29.1,974,0.0
957,28.2,974,0.0
958,28.5,974,0.0
959,28.6,974,0.0
960,28.6,974,0.0
961,28.5,974,0.0
962,28.7,974,0.0
963,28.9,974,0.0
964,28.3,974,0.0
965,28.7,974,0.0
966,28.4,974,0.0
967,28.5,974,0.0
968,28.5,974,0.0
969,28.3,974,0.0
970,29.6,974,0.0
971,28.5,974,0.0
972,28.4,974,0.0
973,28.4,974,0.0
974,28.5,974,0.0
975,28.5,974,0.0
976,28.4,974,0.0
977,28.5,974,0.0
978,29.4,974,0.0
979,28.6,974,0.0
980,28.5,974,0.0
981,28.5,974,0.0
982,28.5,974,0.0
983,28.6,974,0.0
984,28.6,974,0.0
985,29.2,974,0.0
986,28.3,974,0.0
987,28.3,974,0.0
988,28.5,974,0.0
989,28.5,974,0.0
990,28.6,974,0.0
991,28.3,974,0.0
992,28.9,974,0.0
993,28.8,974,0.0
994,28.5,974,0.0
995,28.4,974,0.0
996,28.6,974,0.0
997,28.4,974,0.0
998,28.5,974,0.0
999,28.6,974,0.0
1000,29.1,974,0.0
1001,28.4,974,0.0
1002,28.5,974,0.0
1003,28.6,974,0.0
1004,28.4,974,0.0
1005,28.0,974,0.0
1006,28.3,974,0.0
1007,28.9,974,0.0
1008,28.1,974,0.0
1009,28.3,974,0.0
1010,28.0,974,0.0
1011,28.2,974,0.0
1012,28.4,974,0.0
1013,28.4,974,0.0
1014,28.9,974,0.0
1015,28.5,974,0.0
1016,28.3,974,0.0
1017,28.2,974,0.0
1018,28.3,974,0.0
1019,28.3,974,0.0
1020,28.4,974,0.0
1021,29.0,974,0.0
1022,28.7,974,0.0
1023,28.5,974,0.0
1024,28.4,974,0.0
1025,28.6,974,0.0
1026,28.7,974,0.0
1027,28.6,974,0.0
1028,28.4,974,0.0
1029,28.9,974,0.0
1030,28.3,974,0.0
1031,28.4,974,0.0
1032,28.2,974,0.0
1033,28.4,974,0.0
1034,28.5,974,0.0
1035,28.6,974,0.0
1036,29.2,974,0.0
1037,28.2,974,0.0
1038,28.5,974,0.0
1039,28.1,974,0.0
1040,27.6,974,0.0
1041,27.6,974,0.0
1042,27.3,974,0.0
1043,27.8,974,0.0
1044,28.3,974,0.0
1045,27.5,974,0.0
1046,27.5,974,0.0
1047,27.6,974,0.0
1048,27.5,974,0.0
1049,27.3,974,0.0
1050,27.7,974,0.0
1051,28.2,974,0.0
1052,27.5,974,0.0
1053,27.3,974,0.0
1054,27.5,974,0.0
1055,27.5,974,0.0
1056,27.5,974,0.0
1057,27.6,974,0.0
1058,28.3,974,0.0
1059,27.5,974,0.0
1060,27.6,974,0.0
1061,27.5,974,0.0
1062,27.8,974,0.0
1063,27.4,974,0.0
1064,27.5,974,0.0
1065,27.5,974,0.0
1066,28.2,974,0.0
1067,27.5,974,0.0
1068,27.4,974,0.0
1069,27.4,974,0.0
1070,27.4,974,0.0
1071,27.1,974,0.0
1072,26.4,974,0.0
1073,27.0,974,0.0
1074,26.3,974,0.0
1075,26.3,974,0.0
1076,26.3,974,0.0
1077,25.6,974,0.0
1078,25.5,974,0.0
1079,25.3,974,0.0
1080,25.8,974,0.0
1081,25.6,974,0.0
1082,25.4,974,0.0
1083,25.5,974,0.0
1084,25.4,974,0.0
1085,25.5,974,0.0
1086,25.5,974,0.0
1087,25.6,974,0.0
1088,25.8,974,0.0
1089,25.4,974,0.0
1090,25.4,974,0.0
1091,25.5,974,0.0
1092,25.5,974,0.0
1093,25.6,974,0.0
1094,25.4,974,0.0
1095,26.0,974,0.0
1096,25.3,974,0.0
1097,25.3,974,0.0
1098,25.4,974,0.0
1099,25.4,974,0.0
1100,25.3,974,0.0
1101,25.3,974,0.0
1102,25.3,974,0.0
1103,26.3,974,0.0
1104,25.5,974,0.0
1105,25.5,974,0.0
1106,25.9,974,0.0
1107,25.4,974,0.0
1108,25.4,974,0.0
1109,25.5,974,0.0
1110,26.2,974,0.0
1111,25.4,974,0.0
1112,25.1,974,0.0
1113,25.4,974,0.0
1114,25.5,974,0.0
1115,25.5,974,0.0
1116,25.7,974,0.0
1117,25.8,974,0.0
1118,25.5,974,0.0
1119,25.3,974,0.0
1120,25.3,974,0.0
1121,25.4,974,0.0
1122,25.5,974,0.0
1123,25.5,974,0.0
1124,25.3,974,0.0
1125,25.8,974,0.0
1126,25.4,974,0.0
1127,25.4,974,0.0
1128,25.4,974,0.0
1129,25.4,974,0.0
1130,25.3,974,0.0
1131,25.5,974,0.0
1132,26.0,974,0.0
1133,25.1,974,0.0
1134,25.3,974,0.0
1135,25.2,974,0.0
1136,25.2,974,0.0
1137,25.2,974,0.0
1138,24.8,974,0.0
1139,25.2,974,0.0
1140,24.9,974,0.0
1141,24.7,974,0.0
1142,24.8,974,0.0
1143,24.7,974,0.0
1144,24.7,1132,0.0
1145,24.9,1132,0.0
1146,25.2,1132,0.0
1147,24.8,1132,0.0
1148,24.8,1132,0.0
1149,25.1,1132,0.0
1150,25.1,1132,0.0
1151,24.9,1132,0.0
1152,24.9,1132,0.0
1153,24.8,1132,0.0
1154,25.0,1132,0.0
1155,25.6,1132,0.0
1156,25.7,1132,0.0
1157,25.8,1132,0.0
1158,26.1,1132,0.0
1159,26.0,1132,0.0
1160,26.1,1132,0.0
1161,25.8,1132,0.0
1162,25.9,1132,0.0
1163,25.9,1132,0.0
1164,26.0,1132,0.0
1165,26.3,1132,0.0
1166,25.8,1132,0.0
1167,26.0,1132,0.0
1168,26.0,1132,0.0
1169,26.0,1132,0.0
1170,26.3,1132,0.0
1171,25.8,1132,0.0
1172,25.8,1132,0.0
1173,26.0,1132,0.0
1174,26.0,1132,0.0
1175,26.6,1132,0.0
1176,25.8,1132,0.0
1177,26.2,1132,0.0
1178,26.1,1132,0.0
1179,26.1,1132,0.0
1180,26.0,1132,0.0
1181,26.7,1132,0.0
1182,25.9,1132,0.0
1183,25.8,1132,0.0
1184,26.0,1132,0.0
1185,26.2,1132,0.0
1186,25.9,1132,0.0
1187,25.8,1132,0.0
1188,25.9,1132,0.0
1189,26.0,1132,0.0
1190,25.9,1132,0.0
1191,26.5,1132,0.0
1192,25.7,1132,0.0
1193,25.8,1132,0.0
1194,25.9,1132,0.0
1195,26.2,1132,0.0
1196,25.9,1132,0.0
1197,25.8,1132,0.0
1198,26.0,1132,0.0
1199,25.9,1132,0.0
1200,25.8,1132,0.0
1201,25.7,1132,0.0
1202,25.9,1132,0.0
1203,25.9,1132,0.0
1204,25.9,1132,0.0
1205,26.4,1132,0.0
1206,25.8,1132,0.0
1207,25.9,1132,0.0
1208,25.9,1132,0.0
1209,26.3,1132,0.0
1210,25.8,1132,0.0
1211,26.0,1132,0.0
1212,26.0,1132,0.0
1213,25.8,1132,0.0
1214,26.2,1132,0.0
1215,25.9,1132,0.0
1216,25.9,1132,0.0
1217,26.1,1132,0.0
1218,26.4,1132,0.0
1219,27.0,1132,0.0
1220,26.6,1132,0.0
1221,26.6,1132,0.0
1222,26.6,1132,0.0
1223,26.6,1132,0.0
1224,26.9,1132,0.0
1225,26.4,1132,0.0
1226,26.6,1132,0.0
1227,26.7,1132,0.0
1228,27.0,1132,0.0
1229,27.8,1132,0.0
1230,27.7,1132,0.0
1231,27.7,1132,0.0
1232,27.5,1132,0.0
1233,27.7,1132,0.0
1234,27.8,1132,0.0
1235,28.2,1132,0.0
1236,27.7,1132,0.0
1237,27.6,1132,0.0
1238,27.7,1132,0.0
1239,27.6,1132,0.0
1240,27.8,1132,0.0
1241,28.1,1132,0.0
1242,27.7,1132,0.0
1243,27.5,1132,0.0
1244,27.7,1132,0.0
1245,27.6,1132,0.0
1246,27.8,1132,0.0
1247,28.3,1132,0.0
1248,27.8,1132,0.0
1249,28.1,1132,0.0
1250,28.7,1132,0.0
1251,28.7,1132,0.0
1252,28.2,1132,0.0
1253,27.7,1132,0.0
1254,28.0,1132,0.0
1255,27.6,1132,0.0
1256,27.7,1132,0.0
1257,27.8,1132,0.0
1258,27.5,1132,0.0
1259,28.1,1132,0.0
1260,27.5,1132,0.0
1261,26.7,1132,0.0
1262,27.0,1132,0.0
1263,27.2,1132,0.0
1264,27.0,1132,0.0
1265,27.1,1132,0.0
1266,27.4,1132,0.0
1267,27.3,1132,0.0
1268,27.2,1132,0.0
1269,27.7,1132,0.0
1270,27.3,1132,0.0
1271,27.4,1132,0.0
1272,28.1,1132,0.0
1273,28.1,1132,0.0
1274,27.7,1132,0.0
1275,27.5,1132,0.0
1276,27.9,1132,0.0
1277,27.5,1132,0.0
1278,27.9,1132,0.0
1279,28.4,1132,0.0
1280,28.1,1132,0.0
1281,27.8,1132,0.0
1282,27.6,1132,0.0
1283,28.1,1132,0.0
1284,27.6,1132,0.0
1285,27.7,1132,0.0
1286,27.9,1132,0.0
1287,28.2,1132,0.0
1288,27.8,1132,0.0
1289,27.4,1132,0.0
1290,27.8,1132,0.0
1291,27.9,1132,0.0
1292,27.6,1132,0.0
1293,28.2,1132,0.0
1294,29.3,1132,0.0
1295,28.4,1132,0.0
1296,27.7,1132,0.0
1297,28.2,1132,0.0
1298,28.3,1132,0.0
1299,27.6,1132,0.0
1300,27.9,1132,0.0
1301,28.2,1132,0.0
1302,27.5,1132,0.0
1303,27.8,1132,0.0
1304,27.6,1132,0.0
1305,27.7,1132,0.0
1306,28.0,1132,0.0
1307,27.5,1132,0.0
1308,28.4,1132,0.0
1309,27.6,1132,0.0
1310,27.6,1132,0.0
1311,27.9,1132,0.0
1312,27.7,1132,0.0
1313,27.9,1132,0.0
1314,27.7,1132,0.0
1315,28.0,1132,0.0
1316,28.1,1132,0.0
1317,27.6,1132,0.0
1318,27.8,1132,0.0
1319,27.7,1132,0.0
1320,27.7,1132,0.0
1321,28.0,1132,0.0
1322,28.0,1132,0.0
1323,28.7,1132,0.0
1324,27.7,1132,0.0
1325,28.1,1132,0.0
1326,27.7,1132,0.0
1327,27.6,1132,0.0
1328,28.1,1132,0.0
1329,27.9,1132,0.0
1330,28.0,1132,0.0
1331,27.0,1132,0.0
1332,27.4,1132,0.0
1333,27.2,1132,0.0
1334,26.9,1132,0.0
1335,26.2,1132,0.0
1336,26.8,1132,0.0
1337,26.3,1132,0.0
1338,26.0,1132,0.0
1339,26.4,1132,0.0
1340,26.3,1132,0.0
1341,26.7,1132,0.0
1342,26.2,1132,0.0
1343,27.1,1132,0.0
1344,27.0,1132,0.0
1345,27.6,1132,0.0
1346,27.7,1132,0.0
1347,26.8,1132,0.0
1348,26.6,1132,0.0
1349,26.6,1132,0.0
1350,27.2,1132,0.0
1351,26.6,1132,0.0
1352,26.6,1132,0.0
1353,26.6,1132,0.0
1354,26.7,1132,0.0
1355,26.9,1132,0.0
1356,26.4,1132,0.0
1357,27.2,1132,0.0
1358,26.3,1132,0.0
1359,26.8,1132,0.0
1360,26.5,1132,0.0
1361,26.7,1132,0.0
1362,26.9,1132,0.0
1363,26.7,1132,0.0
1364,27.9,1132,0.0
1365,27.0,1132,0.0
1366,26.8,1132,0.0
1367,26.9,1132,0.0
1368,26.6,1132,0.0
1369,26.8,1132,0.0
1370,26.6,1132,0.0
1371,27.4,1132,0.0
1372,26.5,1132,0.0
1373,26.7,1132,0.0
1374,26.7,1132,0.0
1375,26.6,1132,0.0
1376,27.0,1132,0.0
1377,26.6,1132,0.0
1378,26.9,1132,0.0
1379,27.3,1132,0.0
1380,26.6,1132,0.0
1381,27.0,1132,0.0
1382,26.6,1132,0.0
1383,26.9,1132,0.0
1384,26.5,1132,0.0
1385,26.8,1132,0.0
1386,27.1,1132,0.0
1387,26.6,1132,0.0
1388,26.8,1132,0.0
1389,26.6,1132,0.0
1390,27.0,1132,0.0
1391,26.6,1132,0.0
1392,26.6,1132,0.0
1393,28.1,1132,0.0
1394,27.6,1132,0.0
1395,26.9,1132,0.0
1396,26.5,1132,0.0
1397,26.6,1132,0.0
1398,26.7,1132,0.0
1399,27.4,1132,0.0
1400,28.5,1132,0.0
1401,27.3,1132,0.0
1402,27.5,1132,0.0
1403,27.5,1132,0.0
1404,28.0,1132,0.0
1405,27.5,1132,0.0
1406,27.7,1132,0.0
1407,27.6,1132,0.0
1408,28.4,1132,0.0
1409,27.8,1132,0.0
1410,27.5,1132,0.0
1411,27.9,1132,0.0
1412,27.9,1132,0.0
1413,27.8,1132,0.0
1414,27.9,1132,0.0
1415,28.2,1132,0.0
1416,27.8,1132,0.0
1417,27.3,1132,0.0
1418,27.7,1132,0.0
1419,27.7,1132,0.0
1420,27.6,1132,0.0
1421,27.7,1132,0.0
1422,28.1,1132,0.0
1423,27.6,1132,0.0
1424,27.6,1132,0.0
1425,27.7,1132,0.0
1426,27.7,1132,0.0
1427,27.6,1132,0.0
1428,27.7,1132,0.0
1429,27.5,1132,0.0
1430,28.8,1132,0.0
1431,27.7,1132,0.0
1432,27.5,1132,0.0
1433,27.9,1132,0.0
1434,27.5,1132,0.0
1435,28.0,1132,0.0
1436,27.6,1132,0.0
1437,28.3,1132,0.0
1438,27.6,1132,0.0
1439,27.4,1132,0.0
1440,27.9,1132,0.0
1441,27.6,1132,0.0
1442,27.6,1132,0.0
1443,28.4,1132,0.0
1444,29.1,1132,0.0
1445,28.1,1132,0.0
1446,27.4,1132,0.0
1447,27.7,1132,0.0
1448,27.6,1132,0.0
1449,27.7,1132,0.0
1450,27.5,1132,0.0
1451,28.1,1132,0.0
1452,27.7,1132,0.0
1453,27.9,1132,0.0
1454,27.5,1132,0.0
1455,27.6,1132,0.0
1456,27.8,1132,0.0
1457,28.0,1132,0.0
1458,28.0,1132,0.0
1459,27.9,1132,0.0
1460,27.5,1132,0.0
1461,27.6,1132,0.0
1462,27.5,1132,0.0
1463,28.2,1132,0.0
1464,27.4,1132,0.0
1465,27.9,1132,0.0
1466,27.9,1132,0.0
1467,27.0,1132,0.0
1468,27.1,1132,0.0
1469,27.0,1132,0.0
1470,27.3,1132,0.0
1471,26.9,1132,0.0
1472,27.4,1132,0.0
1473,27.4,1182,0.0
1474,27.3,1132,0.0
1475,27.3,1132,0.0
1476,27.1,1132,0.0
1477,27.3,1132,0.0
1478,27.0,1132,0.0
1479,27.0,1132,0.0
1480,26.4,1132,0.0
1481,27.1,1132,0.0
1482,26.9,1132,0.0
1483,26.9,1132,0.0
1484,27.5,1132,0.0
1485,26.2,1132,0.0
1486,27.1,1132,0.0
1487,27.7,1132,0.0
1488,26.9,1132,0.0
1489,27.3,1132,0.0
1490,26.9,1132,0.0
1491,27.0,1132,0.0
1492,28.1,1132,0.0
1493,27.9,1132,0.0
1494,27.7,1132,0.0
1495,27.1,1132,0.0
1496,26.9,1132,0.0
1497,27.0,1132,0.0
1498,27.0,1132,0.0
1499,27.0,1132,0.0
1500,27.6,1132,0.0
1501,27.7,1132,0.0
1502,26.8,1132,0.0
1503,27.0,1132,0.0
1504,27.2,1132,0.0
1505,27.1,1132,0.0
1506,27.3,1132,0.0
1507,26.9,1132,0.0
1508,27.8,1132,0.0
1509,26.8,1132,0.0
1510,27.0,1132,0.0
1511,27.0,1132,0.0
1512,27.1,1132,0.0
1513,27.3,1132,0.0
1514,26.9,1132,0.0
1515,27.8,1132,0.0
1516,27.1,1132,0.0
1517,26.9,1132,0.0
1518,27.3,1132,0.0
1519,27.0,1132,0.0
1520,27.0,1132,0.0
1521,27.3,1132,0.0
1522,27.0,1132,0.0
1523,27.7,1132,0.0
1524,26.9,1132,0.0
1525,27.0,1132,0.0
1526,26.7,1132,0.0
1527,27.0,1132,0.0
1528,27.3,1132,0.0
1529,27.0,1132,0.0
1530,27.7,1132,0.0
1531,26.9,1132,0.0
1532,27.2,1132,0.0
1533,26.9,1132,0.0
1534,27.2,1132,0.0
1535,26.9,1132,0.0
1536,27.5,1132,0.0
1537,27.3,1132,0.0
1538,27.1,1132,0.0
1539,27.5,1132,0.0
1540,28.2,1132,0.0
1541,27.5,1132,0.0
1542,27.1,1132,0.0
1543,28.0,1132,0.0
1544,26.9,1132,0.0
1545,26.8,1132,0.0
1546,27.1,1132,0.0
1547,27.1,1132,0.0
1548,27.0,1132,0.0
1549,27.3,1132,0.0
1550,27.8,1132,0.0
1551,27.0,1132,0.0
1552,27.1,1132,0.0
1553,27.0,1132,0.0
1554,27.3,1132,0.0
1555,27.0,1132,0.0
1556,27.4,1132,0.0
1557,27.6,1132,0.0
1558,27.2,1132,0.0
1559,26.9,1132,0.0
1560,26.9,1132,0.0
1561,27.4,1132,0.0
1562,27.1,1132,0.0
1563,27.3,1132,0.0
1564,27.5,1132,0.0
1565,27.1,1132,0.0
1566,26.9,1132,0.0
1567,27.2,1132,0.0
1568,27.1,1132,0.0
1569,26.8,1132,0.0
1570,27.5,1132,0.0
1571,27.9,1132,0.0
1572,27.2,1132,0.0
1573,26.8,1132,0.0
1574,27.3,1132,0.0
1575,27.0,1132,0.0
1576,26.9,1132,0.0
1577,27.2,1132,0.0
1578,27.5,1132,0.0
1579,27.6,1132,0.0
1580,27.5,1132,0.0
1581,28.2,1132,0.0
1582,27.5,1132,0.0
1583,27.7,1132,0.0
1584,28.0,1132,0.0
1585,28.3,1132,0.0
1586,27.6,1132,0.0
1587,28.7,1132,0.0
1588,28.3,1132,0.0
1589,27.1,1132,0.0
1590,26.7,1132,0.0
1591,26.9,1132,0.0
1592,27.5,1132,0.0
1593,26.7,1132,0.0
1594,26.8,1132,0.0
1595,26.7,1132,0.0
1596,26.7,1132,0.0
1597,27.1,1132,0.0
1598,26.8,1132,0.0
1599,27.6,1132,0.0
1600,26.8,1132,0.0
1601,26.8,1132,0.0
1602,26.9,1132,0.0
1603,26.8,1132,0.0
1604,27.1,1132,0.0
1605,26.6,1132,0.0
1606,27.5,1132,0.0
1607,26.9,1132,0.0
1608,26.6,1132,0.0
1609,26.9,1132,0.0
1610,26.7,1132,0.0
1611,27.1,1132,0.0
1612,26.7,1132,0.0
1613,26.7,1132,0.0
1614,26.4,1132,0.0
1615,26.7,1132,0.0
1616,26.9,1132,0.0
1617,26.9,1132,0.0
1618,27.8,1132,0.0
1619,27.5,1132,0.0
1620,28.7,1132,0.0
1621,27.5,1132,0.0
1622,27.7,1132,0.0
1623,27.5,1132,0.0
1624,27.6,1132,0.0
1625,28.0,1132,0.0
1626,27.7,1132,0.0
1627,28.7,1132,0.0
1628,27.7,1132,0.0
1629,27.7,1132,0.0
1630,27.6,1132,0.0
1631,27.6,1132,0.0
1632,27.3,1132,0.0
1633,27.1,1132,0.0
1634,27.6,1132,0.0
1635,27.8,1132,0.0
1636,28.0,1132,0.0
1637,27.3,1132,0.0
1638,26.9,1132,0.0
1639,27.0,1132,0.0
1640,27.3,1132,0.0
1641,27.9,1132,0.0
1642,27.3,1132,0.0
1643,27.3,1132,0.0
1644,27.3,1132,0.0
1645,27.5,1132,0.0
1646,27.6,1132,0.0
1647,28.1,1132,0.0
1648,28.1,1132,0.0
1649,27.7,1132,0.0
1650,27.6,1132,0.0
1651,27.8,1132,0.0
1652,27.6,1132,0.0
1653,27.6,1132,0.0
1654,27.9,1132,0.0
1655,28.1,1132,0.0
1656,28.0,1132,0.0
1657,27.5,1132,0.0
1658,27.7,1132,0.0
1659,27.6,1132,0.0
1660,27.7,1132,0.0
1661,27.9,1132,0.0
1662,28.6,1132,0.0
1663,28.9,1132,0.0
1664,28.9,1132,0.0
1665,28.5,1132,0.0
1666,28.9,1132,0.0
1667,28.7,1132,0.0
1668,29.1,1132,0.0
1669,29.2,1132,0.0
1670,28.9,1132,0.0
1671,28.7,1132,0.0
1672,28.5,1132,0.0
1673,27.8,1132,0.0
1674,27.6,1132,0.0
1675,28.0,1132,0.0
1676,28.2,1132,0.0
1677,27.8,1132,0.0
1678,27.7,1132,0.0
1679,27.8,1132,0.0
1680,27.8,1132,0.0
1681,27.5,1132,0.0
1682,28.1,1132,0.0
1683,29.1,1132,0.0
1684,28.8,1132,0.0
1685,27.8,1132,0.0
1686,27.7,1132,0.0
1687,27.6,1132,0.0
1688,27.8,1132,0.0
1689,27.8,1132,0.0
1690,28.5,1132,0.0
1691,27.5,1132,0.0
1692,27.7,1132,0.0
1693,27.9,1132,0.0
1694,27.6,1132,0.0
1695,27.8,1132,0.0
1696,27.8,1132,0.0
1697,28.6,1132,0.0
1698,27.5,1132,0.0
1699,27.5,1132,0.0
1700,27.9,1132,0.0
1701,27.6,1132,0.0
1702,27.8,1132,0.0
1703,27.8,1132,0.0
1704,28.3,1132,0.0
1705,27.6,1132,0.0
1706,27.1,1132,0.0
1707,27.4,1132,0.0
1708,27.3,1132,0.0
1709,27.7,1132,0.0
1710,27.4,1132,0.0
1711,28.1,1132,0.0
1712,27.3,1132,0.0
1713,27.3,1132,0.0
1714,27.6,1132,0.0
1715,27.5,1132,0.0
1716,27.3,1132,0.0
1717,27.6,1132,0.0
1718,27.6,1132,0.0
1719,27.4,1132,0.0
1720,27.8,1132,0.0
1721,27.7,1132,0.0
1722,27.6,1132,0.0
1723,27.9,1132,0.0
1724,28.2,1132,0.0
1725,27.8,1132,0.0
1726,27.6,1132,0.0
1727,27.9,1132,0.0
1728,27.8,1132,0.0
1729,27.4,1132,0.0
1730,28.7,1132,0.0
1731,29.7,1132,0.0
1732,27.8,1132,0.0
1733,27.5,1132,0.0
1734,27.6,1132,0.0
1735,27.8,1132,0.0
1736,27.4,1132,0.0
1737,27.6,1132,0.0
1738,28.2,1132,0.0
1739,27.5,1132,0.0
1740,27.9,1132,0.0
1741,27.5,1132,0.0
1742,27.9,1132,0.0
1743,27.6,1132,0.0
1744,27.9,1132,0.0
1745,28.6,1132,0.0
1746,27.5,1132,0.0
1747,28.0,1132,0.0
1748,27.6,1132,0.0
1749,28.0,1132,0.0
1750,27.6,1132,0.0
1751,27.8,1132,0.0
1752,28.7,1132,0.0
1753,27.6,1132,0.0
1754,27.6,1132,0.0
1755,27.5,1132,0.0
1756,27.8,1132,0.0
1757,28.2,1132,0.0
1758,27.7,1132,0.0
1759,28.5,1132,0.0
1760,27.5,1132,0.0
1761,27.9,1132,0.0
1762,27.5,1132,0.0
1763,27.9,1132,0.0
1764,27.9,1132,0.0
1765,27.8,1132,0.0
1766,28.6,1132,0.0
1767,27.6,1132,0.0
1768,27.7,1132,0.0
1769,27.6,1132,0.0
1770,27.7,1132,0.0
1771,27.8,1132,0.0
1772,27.6,1132,0.0
1773,28.3,1132,0.0
1774,27.3,1132,0.0
1775,27.8,1132,0.0
1776,27.4,1132,0.0
1777,27.5,1132,0.0
1778,28.1,1132,0.0
1779,28.5,1132,0.0
1780,29.3,1132,0.0
1781,27.4,1132,0.0
1782,27.6,1132,0.0
1783,27.4,1132,0.0
1784,27.7,1132,0.0
1785,28.4,1132,0.0
1786,28.1,1132,0.0
1787,28.2,1132,0.0
1788,28.1,1132,0.0
1789,27.5,1132,0.0
1790,27.7,1132,0.0
1791,27.7,1132,0.0
1792,27.7,1132,0.0
1793,28.0,1132,0.0
1794,28.3,1132,0.0
1795,27.9,1132,0.0
1796,27.5,1132,0.0
1797,27.6,1132,0.0
1798,27.7,1132,0.0
1799,27.6,1132,0.0
1800,28.4,1132,0.0
1801,28.1,1132,0.0
1802,28.1,1132,0.0
1803,27.7,1132,0.0
1804,27.9,1132,0.0
1805,27.8,1132,0.0
1806,27.7,1132,0.0
1807,28.0,1132,0.0
1808,28.5,1132,0.0
1809,28.0,1132,0.0
1810,27.6,1132,0.0
1811,27.7,1132,0.0
1812,27.9,1132,0.0
1813,27.6,1132,0.0
1814,28.1,1132,0.0
1815,28.2,1132,0.0
1816,27.8,1132,0.0
1817,27.9,1132,0.0
1818,27.6,1132,0.0
1819,27.9,1132,0.0
1820,27.4,1132,0.0
1821,27.9,1132,0.0
1822,28.3,1132,0.0
1823,28.0,1132,0.0
1824,27.6,1132,0.0
1825,27.3,1132,0.0
1826,28.3,1132,0.0
1827,28.4,1132,0.0
1828,27.9,1132,0.0
1829,28.2,1132,0.0
1830,27.5,1132,0.0
1831,27.4,1132,0.0
1832,27.4,1132,0.0
1833,27.3,1132,0.0
1834,27.2,1132,0.0
1835,27.3,1132,0.0
1836,27.9,1132,0.0
1837,26.9,1132,0.0
1838,27.1,1132,0.0
1839,27.0,1132,0.0
1840,27.2,1132,0.0
1841,27.9,1132,0.0
1842,26.6,1132,0.0
1843,26.0,1132,0.0
1844,25.9,1132,0.0
1845,26.0,1132,0.0
1846,26.1,1132,0.0
1847,26.5,1132,0.0
1848,26.1,1132,0.0
1849,26.0,1132,0.0
1850,26.2,1132,0.0
1851,26.0,1132,0.0
1852,26.6,1132,0.0
1853,25.9,1132,0.0
1854,25.8,1132,0.0
1855,26.2,1132,0.0
1856,26.3,1132,0.0
1857,25.8,1132,0.0
1858,26.1,1132,0.0
1859,26.1,1132,0.0
1860,26.5,1132,0.0
1861,25.7,1132,0.0
1862,26.4,1132,0.0
1863,26.9,1132,0.0
1864,26.0,1132,0.0
1865,26.3,1132,0.0
1866,25.9,1132,0.0
1867,25.9,1132,0.0
1868,26.1,1132,0.0
1869,26.3,1132,0.0
1870,26.4,1132,0.0
1871,25.9,1132,0.0
1872,26.1,1132,0.0
1873,26.1,1132,0.0
1874,26.6,1132,0.0
1875,26.2,1132,0.0
1876,26.1,1132,0.0
1877,25.9,1132,0.0
1878,26.2,1132,0.0
1879,26.2,1132,0.0
1880,26.3,1132,0.0
1881,26.1,1132,0.0
1882,25.9,1132,0.0
1883,26.2,1132,0.0
1884,26.4,1132,0.0
1885,25.8,1132,0.0
1886,26.2,1132,0.0
1887,26.1,1132,0.0
1888,26.2,1132,0.0
1889,26.2,1132,0.0
1890,26.1,1132,0.0
1891,26.2,1132,0.0
1892,26.0,1132,0.0
1893,26.5,1132,0.0
1894,26.7,1132,0.0
1895,26.9,1132,0.0
1896,26.3,1132,0.0
1897,26.9,1132,0.0
1898,27.3,1132,0.0
1899,26.9,1132,0.0
1900,27.2,1132,0.0
1901,27.4,1132,0.0
1902,27.0,1132,0.0
1903,27.3,1132,0.0
1904,27.2,1132,0.0
1905,27.3,1132,0.0
1906,27.3,1132,0.0
1907,27.1,1132,0.0
1908,27.2,1132,0.0
1909,27.4,1132,0.0
1910,28.4,1132,0.0
1911,27.8,1132,0.0
1912,27.7,1132,0.0
1913,27.8,1132,0.0
1914,27.1,1132,0.0
1915,27.9,1132,0.0
1916,28.3,1132,0.0
1917,27.9,1132,0.0
1918,27.3,1132,0.0
1919,28.7,1132,0.0
1920,27.6,1132,0.0
1921,28.4,1132,0.0
1922,27.8,1132,0.0
1923,27.5,1132,0.0
1924,27.9,1132,0.0
1925,27.5,1132,0.0
1926,27.9,1132,0.0
1927,29.0,1132,0.0
1928,28.3,1132,0.0
1929,28.2,1132,0.0
1930,27.6,1132,0.0
1931,27.8,1132,0.0
1932,28.2,1132,0.0
1933,27.7,1132,0.0
1934,27.8,1132,0.0
1935,27.9,1132,0.0
1936,27.9,1132,0.0
1937,27.8,1132,0.0
1938,28.3,1132,0.0
1939,27.7,1132,0.0
1940,27.7,1132,0.0
1941,27.9,1132,0.0
1942,27.6,1132,0.0
1943,27.9,1132,0.0
1944,27.9,1132,0.0
1945,28.0,1132,0.0
1946,27.7,1132,0.0
1947,27.9,1132,0.0
1948,27.6,1132,0.0
1949,27.9,1132,0.0
1950,27.5,1132,0.0
1951,28.0,1132,0.0
1952,27.4,1132,0.0
1953,26.9,1132,0.0
1954,27.3,1132,0.0
1955,26.9,1132,0.0
1956,27.2,1132,0.0
1957,27.4,1132,0.0
1958,27.3,1132,0.0
1959,27.0,1132,0.0
1960,27.3,1132,0.0
1961,27.1,1132,0.0
1962,27.4,1132,0.0
1963,27.5,1132,0.0
1964,28.2,1132,0.0
1965,27.7,1132,0.0
1966,27.5,1132,0.0
1967,27.9,1132,0.0
1968,27.6,1132,0.0
1969,27.6,1132,0.0
1970,28.4,1132,0.0
1971,29.4,1132,0.0
1972,28.3,1132,0.0
1973,27.6,1132,0.0
1974,27.6,1132,0.0
1975,27.6,1132,0.0
1976,27.7,1132,0.0
1977,27.8,1132,0.0
1978,28.1,1132,0.0
1979,27.5,1132,0.0
1980,27.8,1132,0.0
1981,27.5,1132,0.0
1982,27.8,1132,0.0
1983,27.6,1132,0.0
1984,27.5,1132,0.0
1985,28.7,1132,0.0
1986,27.3,1132,0.0
1987,27.7,1132,0.0
1988,27.5,1132,0.0
1989,27.8,1132,0.0
1990,27.5,1132,0.0
1991,27.6,1132,0.0
1992,28.6,1132,0.0
1993,27.6,1132,0.0
1994,27.8,1132,0.0
1995,27.6,1132,0.0
1996,28.1,1132,0.0
1997,27.6,1132,0.0
1998,27.7,1132,0.0
1999,28.6,1132,0.0
2000,27.5,1132,0.0
2001,27.8,1132,0.0
2002,27.5,1132,0.0
2003,27.8,1132,0.0
2004,28.0,1132,0.0
2005,27.7,1132,0.0
2006,28.4,1132,0.0
2007,27.7,1132,0.0
2008,27.9,1132,0.0
2009,27.5,1132,0.0
2010,27.7,1132,0.0
2011,28.2,1132,0.0
2012,27.8,1132,0.0
2013,28.6,1132,0.0
2014,27.6,1132,0.0
2015,27.9,1132,0.0
2016,27.7,1132,0.0
2017,27.9,1132,0.0
2018,28.4,1132,0.0
2019,28.8,1132,0.0
2020,28.9,1132,0.0
2021,27.7,1132,0.0
2022,27.6,1132,0.0
2023,27.5,1132,0.0
2024,27.7,1132,0.0
2025,27.7,1132,0.0
2026,27.3,1132,0.0
2027,28.0,1132,0.0
2028,27.2,1132,0.0
2029,27.5,1132,0.0
2030,27.2,1132,0.0
2031,27.5,1132,0.0
2032,27.3,1132,0.0
2033,27.5,1132,0.0
2034,28.1,1132,0.0
2035,27.5,1132,0.0
2036,27.3,1132,0.0
2037,27.3,1132,0.0
2038,27.5,1132,0.0
2039,28.0,1132,0.0
2040,28.4,1132,0.0
2041,28.5,1132,0.0
2042,27.4,1132,0.0
2043,27.6,1132,0.0
2044,27.6,1132,0.0
2045,27.6,1132,0.0
2046,27.5,1132,0.0
2047,27.9,1132,0.0
2048,28.9,1132,0.0
2049,27.9,1132,0.0
2050,27.7,1132,0.0
2051,27.4,1132,0.0
2052,27.0,1132,0.0
2053,26.9,1132,0.0
2054,27.0,1132,0.0
2055,27.4,1132,0.0
2056,28.0,1132,0.0
2057,26.9,1132,0.0
2058,27.0,1132,0.0
2059,27.1,1132,0.0
2060,26.9,1132,0.0
2061,26.9,1132,0.0
2062,27.0,1132,0.0
2063,27.5,1132,0.0
2064,26.9,1132,0.0
2065,26.9,1132,0.0
2066,28.0,1132,0.0
2067,28.3,1132,0.0
2068,28.2,1132,0.0
2069,27.7,1132,0.0
2070,27.7,1132,0.0
2071,26.9,1132,0.0
2072,27.0,1132,0.0
2073,27.0,1132,0.0
2074,27.1,1132,0.0
2075,26.7,1132,0.0
2076,26.7,1132,0.0
2077,26.9,1132,0.0
2078,26.0,1132,0.0
2079,26.0,1132,0.0
2080,26.1,1132,0.0
2081,26.0,1132,0.0
2082,26.1,1132,0.0
2083,26.0,1132,0.0
2084,26.7,1132,0.0
2085,26.0,1132,0.0
2086,26.0,1132,0.0
2087,25.9,1132,0.0
2088,26.0,1132,0.0
2089,25.8,1132,0.0
2090,25.7,1132,0.0
2091,26.8,1132,0.0
2092,27.4,1132,0.0
2093,26.9,1132,0.0
2094,26.8,1132,0.0
2095,27.4,1132,0.0
2096,25.8,1132,0.0
2097,25.7,1132,0.0
2098,26.7,1132,0.0
2099,25.7,1132,0.0
2100,25.6,1132,0.0
2101,25.7,1132,0.0
2102,25.7,1132,0.0
2103,25.8,1132,0.0
2104,25.9,1132,0.0
2105,26.5,1132,0.0
2106,26.5,1132,0.0
2107,26.0,1132,0.0
2108,26.0,1132,0.0
2109,26.0,1132,0.0
2110,25.8,1132,0.0
2111,26.1,1132,0.0
2112,26.7,1132,0.0
2113,25.9,1132,0.0
2114,26.0,1132,0.0
2115,26.2,1132,0.0
2116,25.7,1132,0.0
2117,25.5,1132,0.0
2118,26.0,1132,0.0
2119,26.1,1132,0.0
2120,25.2,1132,0.0
2121,25.5,1132,0.0
2122,25.6,1132,0.0
2123,25.6,1132,0.0
2124,25.5,1132,0.0
2125,26.3,1132,0.0
2126,25.5,1132,0.0
2127,25.5,1132,0.0
2128,25.5,1132,0.0
2129,25.7,1132,0.0
2130,25.5,1132,0.0
2131,25.5,1132,0.0
2132,26.0,1132,0.0
2133,25.8,1132,0.0
2134,25.4,1132,0.0
2135,25.5,1132,0.0
2136,25.5,1132,0.0
2137,25.5,1132,0.0
2138,25.4,1132,0.0
2139,26.2,1132,0.0
2140,26.0,1132,0.0
2141,26.7,1132,0.0
2142,26.5,1132,0.0
2143,26.1,1132,0.0
2144,26.6,1132,0.0
2145,26.5,1132,0.0
2146,27.1,1132,0.0
2147,26.6,1132,0.0
2148,26.5,1132,0.0
2149,26.4,1132,0.0
2150,26.6,1132,0.0
2151,26.6,1132,0.0
2152,26.6,1132,0.0
2153,27.2,1132,0.0
2154,26.8,1132,0.0
2155,26.4,1132,0.0
2156,26.3,1132,0.0
2157,26.0,1132,0.0
2158,26.2,1132,0.0
2159,25.9,1132,0.0
2160,26.8,1132,0.0
2161,26.0,1132,0.0
2162,26.4,1132,0.0
2163,25.8,1132,0.0
2164,27.8,1132,0.0
2165,26.5,1132,0.0
2166,25.9,1132,0.0
2167,27.6,1132,0.0
2168,26.7,1132,0.0
2169,26.3,1132,0.0
2170,26.4,1132,0.0
2171,26.6,1132,0.0
2172,26.4,1132,0.0
2173,26.1,1132,0.0
2174,27.2,1132,0.0
2175,26.6,1132,0.0
2176,26.7,1132,0.0
2177,25.9,1132,0.0
2178,26.5,1132,0.0
2179,26.6,1132,0.0
2180,26.8,1132,0.0
2181,27.1,1132,0.0
2182,27.0,1132,0.0
2183,26.8,1132,0.0
2184,26.5,1132,0.0
2185,26.7,1132,0.0
2186,26.6,1132,0.0
2187,26.7,1132,0.0
2188,27.0,1132,0.0
2189,25.8,1132,0.0
2190,25.9,1132,0.0
2191,25.8,1132,0.0
2192,26.1,1132,0.0
2193,25.8,1132,0.0
2194,26.0,1132,0.0
2195,26.7,1132,0.0
2196,26.2,1132,0.0
2197,25.7,1132,0.0
2198,25.8,1132,0.0
2199,26.0,1132,0.0
2200,25.9,1132,0.0
2201,25.7,1132,0.0
2202,26.7,1132,0.0
2203,25.9,1132,0.0
2204,26.0,1132,0.0
2205,25.9,1132,0.0
2206,26.0,1132,0.0
2207,25.9,1132,0.0
2208,26.0,1132,0.0
2209,26.3,1132,0.0
2210,25.8,1132,0.0
2211,25.9,1132,0.0
2212,25.7,1132,0.0
2213,25.9,1132,0.0
2214,25.9,1132,0.0
2215,25.9,1132,0.0
2216,26.5,1132,0.0
2217,25.7,1132,0.0
2218,25.9,1132,0.0
2219,26.0,1132,0.0
2220,26.0,1132,0.0
2221,25.9,1132,0.0
2222,26.5,1132,0.0
2223,26.1,1132,0.0
2224,25.9,1132,0.0
2225,25.9,1132,0.0
2226,25.8,1132,0.0
2227,25.7,1132,0.0
2228,25.7,1132,0.0
2229,26.5,1132,0.0
2230,25.6,1132,0.0
2231,25.8,1132,0.0
2232,25.8,1132,0.0
2233,25.9,1132,0.0
2234,25.9,1132,0.0
2235,25.8,1132,0.0
2236,26.4,1132,0.0
2237,25.9,1132,0.0
2238,25.8,1132,0.0
2239,25.9,1132,0.0
2240,25.9,1132,0.0
2241,25.9,1132,0.0
2242,25.9,1132,0.0
2243,26.6,1132,0.0
2244,25.9,1132,0.0
2245,25.9,1132,0.0
2246,25.8,1132,0.0
2247,26.0,1132,0.0
2248,25.9,1132,0.0
2249,26.0,1132,0.0
2250,26.5,1132,0.0
2251,25.8,1132,0.0
2252,26.1,1132,0.0
2253,25.9,1132,0.0
2254,25.8,1132,0.0
2255,25.8,1132,0.0
2256,25.9,1132,0.0
2257,26.4,1132,0.0
2258,25.9,1132,0.0
2259,25.9,1132,0.0
2260,25.7,1132,0.0
2261,26.1,1132,0.0
2262,26.6,1132,0.0
2263,27.2,1132,0.0
2264,26.7,1132,0.0
2265,26.5,1132,0.0
2266,26.5,1132,0.0
2267,26.6,1132,0.0
2268,26.7,1132,0.0
2269,26.7,1132,0.0
2270,27.0,1132,0.0
2271,26.7,1132,0.0
2272,26.6,1132,0.0
2273,26.6,1132,0.0
2274,26.5,1132,0.0
2275,26.6,1132,0.0
2276,26.5,1132,0.0
2277,27.1,1132,0.0
2278,26.5,1132,0.0
2279,26.7,1132,0.0
2280,26.7,1132,0.0
2281,26.6,1132,0.0
2282,26.5,1132,0.0
2283,26.4,1132,0.0
2284,27.3,1132,0.0
2285,26.4,1132,0.0
2286,26.5,1132,0.0
2287,26.5,1132,0.0
2288,26.6,1132,0.0
2289,26.6,1132,0.0
2290,26.5,1132,0.0
2291,27.0,1132,0.0
2292,26.3,1132,0.0
2293,26.4,1132,0.0
2294,26.5,1132,0.0
2295,26.4,1132,0.0
2296,26.5,1132,0.0
2297,26.5,1132,0.0
2298,27.2,1132,0.0
2299,26.5,1132,0.0
2300,26.5,1132,0.0
2301,26.6,1132,0.0
2302,26.6,1132,0.0
2303,26.4,1132,0.0
2304,26.5,1132,0.0
2305,27.1,1132,0.0
2306,26.7,1132,0.0
2307,26.6,1132,0.0
2308,26.7,1132,0.0
2309,26.7,1132,0.0
2310,26.7,1132,0.0
2311,26.6,1132,0.0
2312,27.4,1132,0.0
2313,26.5,1132,0.0
2314,26.5,1132,0.0
2315,26.0,1132,0.0
2316,25.8,1132,0.0
2317,25.9,1132,0.0
2318,26.0,1132,0.0
2319,26.6,1132,0.0
2320,25.8,1132,0.0
2321,25.8,1132,0.0
2322,25.7,1132,0.0
2323,25.8,1132,0.0
2324,26.1,1132,0.0
2325,26.0,1132,0.0
2326,26.8,1132,0.0
2327,26.2,1132,0.0
2328,26.2,1132,0.0
2329,26.4,1132,0.0
2330,26.6,1132,0.0
2331,26.6,1132,0.0
2332,26.6,1132,0.0
2333,27.2,1132,0.0
2334,26.6,1132,0.0
2335,26.5,1132,0.0
2336,26.4,1132,0.0
2337,26.8,1132,0.0
2338,26.6,1132,0.0
2339,26.5,1132,0.0
2340,27.1,1132,0.0
2341,26.4,1132,0.0
2342,26.6,1132,0.0
2343,26.6,1132,0.0
2344,26.4,1132,0.0
2345,26.6,1132,0.0
2346,26.5,1132,0.0
2347,27.2,1132,0.0
2348,26.5,1132,0.0
2349,26.5,1132,0.0
2350,26.8,1132,0.0
2351,26.8,1132,0.0
2352,26.4,1132,0.0
2353,26.5,1132,0.0
2354,27.6,1132,0.0
2355,26.9,1132,0.0
2356,26.4,1132,0.0
2357,26.6,1132,0.0
2358,26.6,1132,0.0
2359,26.5,1132,0.0
2360,26.6,1132,0.0
2361,27.0,1132,0.0
2362,26.5,1132,0.0
2363,26.4,1132,0.0
2364,26.3,1132,0.0
2365,26.6,1132,0.0
2366,26.4,1132,0.0
2367,26.7,1132,0.0
2368,27.6,1132,0.0
2369,26.8,1132,0.0
2370,26.7,1132,0.0
2371,26.5,1132,0.0
2372,26.7,1132,0.0
2373,26.7,1132,0.0
2374,26.6,1132,0.0
2375,27.2,1132,0.0
2376,27.1,1132,0.0
2377,26.5,1132,0.0
2378,26.4,1132,0.0
2379,26.4,1132,0.0
2380,26.6,1132,0.0
2381,26.6,1132,0.0
2382,27.1,1132,0.0
2383,26.6,1132,0.0
2384,26.4,1132,0.0
2385,26.5,1132,0.0
2386,26.5,1132,0.0
2387,26.5,1132,0.0
2388,26.7,1132,0.0
2389,26.5,1132,0.0
2390,25.8,1132,0.0
2391,26.0,1132,0.0
2392,26.1,1132,0.0
2393,26.3,1132,0.0
2394,26.3,1132,0.0
2395,26.0,1132,0.0
2396,27.2,1132,0.0
2397,26.3,1132,0.0
2398,26.3,1132,0.0
2399,26.3,1132,0.0
2400,26.7,1132,0.0
2401,26.7,1132,0.0
2402,27.5,1132,0.0
2403,28.4,1132,0.0
2404,27.6,1132,0.0
2405,27.2,1132,0.0
2406,27.8,1132,0.0
2407,27.7,1132,0.0
2408,27.6,1132,0.0
2409,28.1,1132,0.0
2410,27.8,1132,0.0
2411,27.6,1132,0.0
2412,27.6,1132,0.0
2413,27.7,1132,0.0
2414,27.7,1132,0.0
2415,27.5,1132,0.0
2416,28.1,1132,0.0
2417,27.7,1132,0.0
2418,27.5,1132,0.0
2419,27.7,1132,0.0
2420,27.6,1132,0.0
2421,27.6,1132,0.0
2422,27.4,1132,0.0
2423,27.6,1132,0.0
2424,28.7,1132,0.0
2425,28.6,1132,0.0
2426,28.6,1132,0.0
2427,28.6,1132,0.0
2428,27.8,1132,0.0
2429,27.6,1132,0.0
2430,28.2,1132,0.0
2431,27.8,1132,0.0
2432,27.6,1132,0.0
2433,27.7,1132,0.0
2434,27.7,1132,0.0
2435,28.4,1132,0.0
2436,27.7,1132,0.0
2437,28.5,1132,0.0
2438,27.7,1132,0.0
2439,28.0,1132,0.0
2440,27.7,1132,0.0
2441,27.7,1132,0.0
2442,27.8,1132,0.0
2443,27.7,1132,0.0
2444,28.4,1132,0.0
2445,27.6,1132,0.0
2446,27.7,1132,0.0
2447,27.6,1132,0.0
2448,28.0,1132,0.0
2449,27.7,1132,0.0
2450,27.7,1132,0.0
2451,28.7,1132,0.0
2452,27.6,1132,0.0
2453,27.9,1132,0.0
2454,27.6,1132,0.0
2455,27.7,1132,0.0
2456,27.8,1132,0.0
2457,27.4,1132,0.0
2458,28.1,1132,0.0
2459,27.2,1132,0.0
2460,27.7,1132,0.0
2461,27.3,1132,0.0
2462,27.4,1132,0.0
2463,27.5,1132,0.0
2464,27.0,1132,0.0
2465,28.2,1132,0.0
2466,27.2,1132,0.0
2467,27.4,1132,0.0
2468,27.6,1132,0.0
2469,27.6,1132,0.0
2470,28.2,1132,0.0
2471,28.6,1132,0.0
2472,28.8,1132,0.0
2473,27.6,1132,0.0
2474,28.4,1132,0.0
2475,28.3,1132,0.0
2476,27.7,1132,0.0
2477,27.8,1132,0.0
2478,27.9,1132,0.0
2479,28.2,1132,0.0
2480,27.7,1132,0.0
2481,28.0,1132,0.0
2482,27.7,1132,0.0
2483,27.9,1132,0.0
2484,27.7,1132,0.0
2485,28.0,1132,0.0
2486,28.0,1132,0.0
2487,27.9,1132,0.0
2488,27.6,1132,0.0
2489,27.9,1132,0.0
2490,27.7,1132,0.0
2491,27.9,1132,0.0
2492,28.2,1132,0.0
2493,27.7,1132,0.0
2494,27.8,1132,0.0
2495,27.6,1132,0.0
2496,27.9,1132,0.0
2497,27.7,1132,0.0
2498,28.1,1132,0.0
2499,28.5,1132,0.0
2500,27.6,1132,0.0
2501,27.8,1132,0.0
2502,27.6,1132,0.0
2503,28.1,1132,0.0
2504,27.6,1132,0.0
2505,28.0,1132,0.0
2506,28.3,1132,0.0
2507,27.7,1132,0.0
2508,27.9,1132,0.0
2509,27.5,1132,0.0
2510,28.0,1132,0.0
2511,27.6,1132,0.0
2512,28.0,1132,0.0
2513,28.2,1132,0.0
2514,27.9,1132,0.0
2515,27.6,1132,0.0
2516,27.6,1132,0.0
2517,27.7,1132,0.0
2518,27.4,1132,0.0
2519,28.1,1132,0.0
2520,28.5,1132,0.0
2521,27.4,1132,0.0
2522,27.3,1132,0.0
2523,27.0,1132,0.0
2524,27.0,1132,0.0
2525,27.3,1132,0.0
2526,27.1,1132,0.0
2527,27.1,1132,0.0
2528,27.5,1132,0.0
2529,26.9,1132,0.0
2530,27.2,1132,0.0
2531,27.0,1132,0.0
2532,27.2,1132,0.0
2533,27.4,1132,0.0
2534,26.9,1132,0.0
2535,27.1,1132,0.0
2536,27.2,1132,0.0
2537,27.0,1132,0.0
2538,27.5,1132,0.0
2539,27.0,1132,0.0
2540,27.0,1132,0.0
2541,27.2,1132,0.0
2542,26.9,1132,0.0
2543,27.7,1132,0.0
2544,26.9,1132,0.0
2545,26.8,1132,0.0
2546,27.1,1132,0.0
2547,27.4,1132,0.0
2548,26.6,1132,0.0
2549,26.9,1132,0.0
2550,27.3,1132,0.0
2551,27.6,1132,0.0
2552,28.1,1132,0.0
2553,27.7,1132,0.0
2554,26.9,1132,0.0
2555,26.9,1132,0.0
2556,26.8,1132,0.0
2557,27.6,1132,0.0
2558,27.2,1132,0.0
2559,27.1,1132,0.0
2560,27.3,1132,0.0
2561,26.9,1132,0.0
2562,27.6,1132,0.0
2563,27.0,1132,0.0
2564,26.9,1132,0.0
2565,27.0,1132,0.0
2566,26.9,1132,0.0
2567,27.7,1132,0.0
2568,27.1,1132,0.0
2569,27.0,1132,0.0
2570,26.0,1132,0.0
2571,26.5,1132,0.0
2572,26.1,1132,0.0
2573,25.9,1132,0.0
2574,26.1,1132,0.0
2575,26.0,1132,0.0
2576,26.7,1132,0.0
2577,26.0,1132,0.0
2578,25.9,1132,0.0
2579,26.1,1132,0.0
2580,26.5,1132,0.0
2581,26.1,1132,0.0
2582,25.8,1132,0.0
2583,26.2,1132,0.0
2584,27.0,1132,0.0
2585,26.7,1132,0.0
2586,25.9,1132,0.0
2587,25.9,1132,0.0
2588,26.0,1132,0.0
2589,26.1,1132,0.0
2590,26.4,1132,0.0
2591,26.4,1132,0.0
2592,26.5,1132,0.0
2593,26.4,1132,0.0
2594,26.6,1132,0.0
2595,27.1,1132,0.0
2596,26.7,1132,0.0
2597,26.6,1132,0.0
2598,26.4,1132,0.0
2599,26.4,1132,0.0
2600,26.6,1132,0.0
2601,27.1,1132,0.0
2602,26.5,1132,0.0
2603,26.8,1132,0.0
2604,26.6,1132,0.0
2605,26.7,1132,0.0
2606,27.8,1132,0.0
2607,26.5,1132,0.0
2608,26.8,1132,0.0
2609,26.8,1132,0.0
2610,26.6,1132,0.0
2611,27.0,1132,0.0
2612,26.5,1132,0.0
2613,26.7,1132,0.0
2614,26.5,1132,0.0
2615,26.7,1132,0.0
2616,26.8,1132,0.0
2617,27.4,1132,0.0
2618,26.4,1132,0.0
2619,26.8,1132,0.0
2620,27.7,1132,0.0
2621,27.4,1132,0.0
2622,26.7,1132,0.0
2623,26.8,1132,0.0
2624,26.5,1132,0.0
2625,26.3,1132,0.0
2626,26.5,1132,0.0
2627,26.6,1132,0.0
2628,26.8,1132,0.0
2629,27.0,1132,0.0
2630,26.8,1132,0.0
2631,26.3,1132,0.0
2632,26.8,1132,0.0
2633,26.4,1132,0.0
2634,27.2,1132,0.0
2635,26.8,1132,0.0
2636,27.6,1132,0.0
2637,26.9,1132,0.0
2638,27.2,1132,0.0
2639,26.8,1132,0.0
2640,27.7,1132,0.0
2641,26.8,1132,0.0
2642,27.1,1132,0.0
2643,26.7,1132,0.0
2644,27.2,1132,0.0
2645,26.9,1132,0.0
2646,27.5,1132,0.0
2647,28.0,1132,0.0
2648,27.7,1132,0.0
2649,27.7,1132,0.0
2650,27.5,1132,0.0
2651,28.0,1132,0.0
2652,27.6,1132,0.0
2653,28.5,1132,0.0
2654,27.7,1132,0.0
2655,27.9,1132,0.0
2656,27.5,1132,0.0
2657,27.6,1132,0.0
2658,28.0,1132,0.0
2659,27.9,1132,0.0
2660,28.6,1132,0.0
2661,27.4,1132,0.0
2662,27.4,1132,0.0
2663,28.6,1132,0.0
2664,28.6,1132,0.0
2665,28.1,1132,0.0
2666,27.6,1132,0.0
2667,28.2,1132,0.0
2668,27.4,1132,0.0
2669,27.4,1132,0.0
2670,27.7,1132,0.0
2671,27.7,1132,0.0
2672,27.8,1132,0.0
2673,28.1,1132,0.0
2674,28.4,1132,0.0
2675,27.5,1132,0.0
2676,28.0,1132,0.0
2677,27.6,1132,0.0
2678,28.1,1132,0.0
2679,27.6,1132,0.0
2680,27.7,1132,0.0
2681,28.3,1132,0.0
2682,27.6,1132,0.0
2683,27.6,1132,0.0
2684,27.6,1132,0.0
2685,28.0,1132,0.0
2686,27.6,1132,0.0
2687,27.8,1132,0.0
2688,28.1,1132,0.0
2689,27.7,1132,0.0
2690,28.0,1132,0.0
2691,27.6,1132,0.0
2692,27.8,1132,0.0
2693,27.8,1132,0.0
2694,27.6,1132,0.0
2695,28.1,1132,0.0
2696,28.2,1132,0.0
2697,27.9,1132,0.0
2698,27.6,1132,0.0
2699,27.8,1132,0.0
2700,28.0,1132,0.0
2701,27.6,1132,0.0
2702,27.9,1132,0.0
2703,27.9,1132,0.0
2704,27.8,1132,0.0
2705,27.7,1132,0.0
2706,27.6,1132,0.0
2707,27.9,1132,0.0
2708,27.4,1132,0.0
2709,27.9,1132,0.0
2710,27.4,1132,0.0
2711,27.1,1132,0.0
2712,28.2,1132,0.0
2713,28.3,1132,0.0
2714,27.4,1132,0.0
2715,27.4,1132,0.0
2716,27.9,1132,0.0
2717,27.3,1132,0.0
2718,27.6,1132,0.0
2719,27.5,1132,0.0
2720,27.7,1132,0.0
2721,28.0,1132,0.0
2722,27.7,1132,0.0
2723,28.3,1132,0.0
2724,27.8,1132,0.0
2725,27.6,1132,0.0
2726,27.8,1132,0.0
2727,27.7,1132,0.0
2728,27.8,1132,0.0
2729,27.6,1132,0.0
2730,28.2,1132,0.0
2731,27.6,1132,0.0
2732,27.9,1132,0.0
2733,28.1,1132,0.0
2734,27.4,1132,0.0
2735,28.1,1132,0.0
2736,28.3,1132,0.0
2737,27.8,1132,0.0
2738,27.8,1132,0.0
2739,27.9,1132,0.0
2740,28.1,1132,0.0
2741,27.5,1132,0.0
2742,28.0,1132,0.0
2743,28.3,1132,0.0
2744,27.9,1132,0.0
2745,27.6,1132,0.0
2746,27.6,1132,0.0
2747,28.0,1132,0.0
2748,27.6,1132,0.0
2749,27.9,1132,0.0
2750,27.8,1132,0.0
2751,27.9,1132,0.0
2752,28.0,1132,0.0
2753,27.6,1132,0.0
2754,27.9,1132,0.0
2755,27.5,1132,0.0
2756,27.9,1132,0.0
2757,28.1,1132,0.0
2758,27.8,1132,0.0
2759,28.2,1132,0.0
2760,28.6,1132,0.0
2761,28.6,1132,0.0
2762,27.7,1132,0.0
2763,27.6,1132,0.0
2764,27.7,1132,0.0
2765,28.1,1132,0.0
2766,27.5,1132,0.0
2767,27.6,1132,0.0
2768,27.5,1132,0.0
2769,27.6,1132,0.0
2770,27.9,1132,0.0
2771,27.5,1132,0.0
2772,28.5,1132,0.0
2773,27.4,1132,0.0
2774,27.8,1132,0.0
2775,27.7,1132,0.0
2776,27.4,1132,0.0
2777,27.6,1132,0.0
2778,27.4,1132,0.0
2779,28.2,1132,0.0
2780,27.7,1132,0.0
2781,27.3,1132,0.0
2782,27.9,1132,0.0
2783,27.8,1132,0.0
2784,28.0,1132,0.0
2785,27.5,1132,0.0
2786,28.4,1132,0.0
2787,28.2,1132,0.0
2788,27.4,1132,0.0
2789,27.6,1132,0.0
2790,27.6,1132,0.0
2791,27.6,1132,0.0
2792,27.9,1132,0.0
2793,27.7,1132,0.0
2794,28.6,1132,0.0
2795,27.5,1132,0.0
2796,27.7,1132,0.0
2797,27.7,1132,0.0
2798,27.5,1132,0.0
2799,28.0,1132,0.0
2800,27.8,1132,0.0
2801,28.5,1132,0.0
2802,27.5,1132,0.0
2803,27.6,1132,0.0
2804,27.9,1132,0.0
2805,27.5,1132,0.0
2806,27.8,1132,0.0
2807,27.7,1132,0.0
2808,28.3,1132,0.0
2809,28.7,1132,0.0
2810,28.6,1132,0.0
2811,27.8,1132,0.0
2812,27.7,1132,0.0
2813,27.0,1132,0.0
2814,26.6,1132,0.0
2815,27.2,1132,0.0
2816,26.8,1132,0.0
2817,26.5,1132,0.0
2818,26.4,1132,0.0
2819,27.4,1132,0.0
2820,26.7,1132,0.0
2821,26.7,1132,0.0
2822,27.4,1132,0.0
2823,26.6,1132,0.0
2824,26.9,1132,0.0
2825,26.5,1132,0.0
2826,26.9,1132,0.0
2827,26.8,1132,0.0
2828,26.6,1132,0.0
2829,27.5,1132,0.0
2830,26.6,1132,0.0
2831,26.7,1132,0.0
2832,26.4,1132,0.0
2833,26.7,1132,0.0
2834,26.3,1132,0.0
2835,26.5,1132,0.0
2836,27.3,1132,0.0
2837,26.1,1132,0.0
2838,26.5,1132,0.0
2839,26.3,1132,0.0
2840,26.4,1132,0.0
2841,25.9,1132,0.0
2842,25.9,1132,0.0
2843,26.7,1132,0.0
2844,25.9,1132,0.0
2845,26.2,1132,0.0
2846,25.9,1132,0.0
2847,26.4,1132,0.0
2848,26.0,1132,0.0
2849,26.0,1132,0.0
2850,26.5,1132,0.0
2851,25.8,1132,0.0
2852,26.2,1132,0.0
2853,25.8,1132,0.0
2854,25.9,1132,0.0
2855,26.1,1132,0.0
2856,25.8,1132,0.0
2857,26.1,1132,0.0
2858,27.2,1132,0.0
2859,26.9,1132,0.0
2860,26.0,1132,0.0
2861,25.9,1132,0.0
2862,25.9,1132,0.0
2863,26.3,1132,0.0
2864,26.6,1132,0.0
2865,25.8,1132,0.0
2866,25.9,1132,0.0
2867,26.2,1132,0.0
2868,26.0,1132,0.0
2869,26.0,1132,0.0
2870,26.4,1132,0.0
2871,26.6,1132,0.0
2872,26.1,1132,0.0
2873,25.8,1132,0.0
2874,26.2,1132,0.0
2875,26.0,1132,0.0
2876,25.9,1132,0.0
2877,26.8,1132,0.0
2878,27.5,1132,0.0
2879,27.3,1132,0.0
2880,27.0,1132,0.0
2881,26.7,1132,0.0
2882,27.3,1132,0.0
2883,26.9,1132,0.0
2884,27.2,1132,0.0
2885,27.4,1132,0.0
2886,27.3,1132,0.0
2887,26.8,1132,0.0
2888,27.1,1132,0.0
2889,27.2,1132,0.0
2890,27.0,1132,0.0
2891,27.4,1132,0.0
2892,27.7,1132,0.0
2893,27.3,1132,0.0
2894,26.9,1132,0.0
2895,26.9,1132,0.0
2896,27.2,1132,0.0
2897,26.9,1132,0.0
2898,27.3,1132,0.0
2899,27.7,1132,0.0
2900,27.2,1132,0.0
2901,26.7,1132,0.0
2902,27.1,1132,0.0
2903,27.0,1132,0.0
2904,26.9,1132,0.0
2905,27.8,1132,0.0
2906,28.5,1132,0.0
2907,27.8,1132,0.0
2908,27.0,1132,0.0
2909,27.1,1132,0.0
2910,27.1,1132,0.0
2911,27.0,1132,0.0
2912,26.9,1132,0.0
2913,27.6,1132,0.0
2914,26.9,1132,0.0
2915,27.1,1132,0.0
2916,26.8,1132,0.0
2917,27.2,1132,0.0
2918,27.0,1132,0.0
2919,27.1,1132,0.0
2920,28.0,1132,0.0
2921,26.9,1132,0.0
2922,27.2,1132,0.0
2923,27.0,1132,0.0
2924,27.3,1132,0.0
2925,27.0,1132,0.0
2926,27.8,1132,0.0
2927,27.2,1132,0.0
2928,27.0,1132,0.0
2929,26.9,1132,0.0
2930,27.1,1132,0.0
2931,27.3,1132,0.0
2932,27.1,1132,0.0
2933,27.9,1132,0.0
2934,26.9,1132,0.0
2935,27.1,1132,0.0
2936,27.1,1132,0.0
2937,27.0,1132,0.0
2938,27.0,1132,0.0
2939,27.0,1132,0.0
2940,28.1,1132,0.0
2941,27.0,1132,0.0
2942,27.2,1132,0.0
2943,27.0,1132,0.0
2944,26.8,1132,0.0
2945,27.3,1132,0.0
2946,27.0,1132,0.0
2947,27.8,1132,0.0
2948,26.9,1132,0.0
2949,27.8,1132,0.0
2950,27.8,1132,0.0
2951,27.6,1132,0.0
2952,28.6,1132,0.0
2953,29.3,1132,0.0
2954,28.3,1132,0.0
2955,27.8,1132,0.0
2956,27.7,1132,0.0
2957,27.6,1132,0.0
2958,27.7,1132,0.0
2959,27.5,1132,0.0
2960,27.8,1132,0.0
2961,28.2,1132,0.0
2962,27.8,1132,0.0
2963,27.8,1132,0.0
2964,27.7,1132,0.0
2965,27.8,1132,0.0
2966,27.7,1132,0.0
2967,28.7,1132,0.0
2968,27.8,1132,0.0
2969,27.7,1132,0.0
2970,27.7,1132,0.0
2971,27.8,1132,0.0
2972,28.1,1132,0.0
2973,27.8,1132,0.0
2974,28.3,1132,0.0
2975,27.8,1132,0.0
2976,27.8,1132,0.0
2977,27.6,1132,0.0
2978,27.6,1132,0.0
2979,28.0,1132,0.0
2980,27.6,1132,0.0
2981,28.4,1132,0.0
2982,27.7,1132,0.0
2983,27.7,1132,0.0
2984,27.9,1132,0.0
2985,27.7,1132,0.0
2986,28.1,1132,0.0
2987,27.6,1132,0.0
2988,28.7,1132,0.0
2989,27.8,1132,0.0
2990,27.9,1132,0.0
2991,27.7,1132,0.0
2992,27.7,1132,0.0
2993,28.0,1132,0.0
2994,27.8,1132,0.0
2995,28.4,1132,0.0
2996,27.5,1132,0.0
2997,28.0,1132,0.0
2998,27.6,1132,0.0
2999,27.8,1132,0.0
3000,28.8,1132,0.0
3001,28.7,1132,0.0
3002,27.9,1132,0.0
3003,27.0,1132,0.0
3004,27.0,1132,0.0
3005,26.9,1132,0.0
3006,27.0,1132,0.0
3007,27.0,1132,0.0
3008,27.2,1132,0.0
3009,27.5,1132,0.0
3010,27.2,1132,0.0
3011,27.4,1132,0.0
3012,27.7,1132,0.0
3013,27.4,1132,0.0
3014,27.6,1132,0.0
3015,28.2,1132,0.0
3016,27.6,1132,0.0
3017,27.9,1132,0.0
3018,27.7,1132,0.0
3019,28.0,1132,0.0
3020,27.6,1132,0.0
3021,28.1,1132,0.0
3022,28.1,1132,0.0
3023,27.6,1132,0.0
3024,28.0,1132,0.0
3025,27.6,1132,0.0
3026,28.1,1132,0.0
3027,27.5,1132,0.0
3028,28.1,1132,0.0
3029,28.2,1132,0.0
3030,27.8,1132,0.0
3031,28.1,1132,0.0
3032,27.8,1132,0.0
3033,28.1,1132,0.0
3034,27.6,1132,0.0
3035,28.0,1132,0.0
3036,28.5,1132,0.0
3037,27.7,1132,0.0
3038,28.0,1132,0.0
3039,27.6,1132,0.0
3040,28.1,1132,0.0
3041,27.8,1132,0.0
3042,27.9,1132,0.0
3043,28.2,1132,0.0
3044,27.6,1132,0.0
3045,28.6,1132,0.0
3046,28.3,1132,0.0
3047,27.7,1132,0.0
3048,28.8,1132,0.0
3049,28.8,1132,0.0
3050,28.5,1132,0.0
3051,27.0,1132,0.0
3052,26.7,1132,0.0
3053,27.0,1132,0.0
3054,27.8,1132,0.0
3055,27.9,1132,0.0
3056,27.8,1132,0.0
3057,27.7,1132,0.0
3058,28.5,1132,0.0
3059,27.8,1132,0.0
3060,27.7,1132,0.0
3061,27.4,1132,0.0
3062,27.1,1132,0.0
3063,28.0,1132,0.0
3064,27.7,1132,0.0
3065,28.4,1132,0.0
3066,27.9,1132,0.0
3067,27.6,1132,0.0
3068,27.9,1132,0.0
3069,27.7,1132,0.0
3070,27.5,1132,0.0
3071,28.0,1132,0.0
3072,28.4,1132,0.0
3073,28.1,1132,0.0
3074,27.7,1132,0.0
3075,27.7,1132,0.0
3076,27.1,1132,0.0
3077,27.0,1132,0.0
3078,27.4,1132,0.0
3079,27.3,1132,0.0
3080,27.2,1132,0.0
3081,26.9,1132,0.0
3082,27.3,1132,0.0
3083,27.0,1132,0.0
3084,27.3,1132,0.0
3085,27.7,1132,0.0
3086,27.9,1132,0.0
3087,27.5,1132,0.0
3088,27.8,1132,0.0
3089,28.0,1132,0.0
3090,27.4,1132,0.0
3091,28.2,1132,0.0
3092,27.7,1132,0.0
3093,27.9,1132,0.0
3094,27.7,1132,0.0
3095,28.0,1132,0.0
3096,28.8,1132,0.0
3097,28.7,1132,0.0
3098,28.2,1132,0.0
3099,27.6,1132,0.0
3100,27.6,1132,0.0
3101,27.4,1132,0.0
3102,27.7,1132,0.0
3103,27.6,1132,0.0
3104,27.6,1132,0.0
3105,28.7,1132,0.0
3106,27.4,1132,0.0
3107,27.6,1132,0.0
3108,27.8,1132,0.0
3109,27.6,1132,0.0
3110,27.8,1132,0.0
3111,27.7,1132,0.0
3112,28.5,1132,0.0
3113,27.5,1132,0.0
3114,27.7,1132,0.0
3115,27.9,1132,0.0
3116,28.2,1132,0.0
3117,28.0,1132,0.0
3118,27.7,1132,0.0
3119,28.5,1132,0.0
3120,27.7,1132,0.0
3121,27.5,1132,0.0
3122,28.0,1132,0.0
3123,27.6,1132,0.0
3124,27.8,1132,0.0
3125,27.5,1132,0.0
3126,28.5,1132,0.0
3127,27.6,1132,0.0
3128,27.7,1132,0.0
3129,27.9,1132,0.0
3130,27.5,1132,0.0
3131,28.0,1132,0.0
3132,27.8,1132,0.0
3133,28.6,1132,0.0
3134,27.8,1132,0.0
3135,27.8,1132,0.0
3136,28.1,1132,0.0
3137,27.8,1132,0.0
3138,28.2,1132,0.0
3139,27.7,1132,0.0
3140,28.2,1132,0.0
3141,27.9,1132,0.0
3142,27.6,1132,0.0
3143,27.7,1132,0.0
3144,28.7,1132,0.0
3145,28.8,1132,0.0
3146,27.9,1132,0.0
3147,28.1,1132,0.0
3148,27.7,1132,0.0
3149,27.7,1132,0.0
3150,27.5,1132,0.0
3151,27.7,1132,0.0
3152,27.5,1132,0.0
3153,27.4,1132,0.0
3154,28.4,1132,0.0
3155,27.5,1132,0.0
3156,27.9,1132,0.0
3157,27.7,1132,0.0
3158,28.0,1132,0.0
3159,28.1,1132,0.0
3160,27.6,1132,0.0
3161,28.6,1132,0.0
3162,27.7,1132,0.0
3163,27.9,1132,0.0
3164,27.7,1132,0.0
3165,27.8,1132,0.0
3166,28.1,1132,0.0
3167,27.5,1132,0.0
3168,28.7,1132,0.0
3169,27.6,1132,0.0
3170,27.6,1132,0.0
3171,27.9,1132,0.0
3172,27.8,1132,0.0
3173,27.9,1132,0.0
3174,27.6,1132,0.0
3175,28.3,1132,0.0
3176,27.9,1132,0.0
3177,27.8,1132,0.0
3178,27.9,1132,0.0
3179,27.8,1132,0.0
3180,27.9,1132,0.0
3181,27.8,1132,0.0
3182,27.7,1132,0.0
3183,28.3,1132,0.0
3184,27.6,1132,0.0
3185,27.6,1132,0.0
3186,27.7,1132,0.0
3187,27.7,1132,0.0
3188,27.8,1132,0.0
3189,28.3,1132,0.0
3190,27.9,1132,0.0
3191,27.7,1132,0.0
3192,27.5,1132,0.0
3193,28.8,1132,0.0
3194,28.7,1132,0.0
3195,27.9,1132,0.0
3196,28.3,1132,0.0
3197,27.8,1132,0.0
3198,27.8,1132,0.0
3199,27.7,1132,0.0
3200,27.8,1132,0.0
3201,27.6,1054,0.0
